tipo_de_dado;sitio;lat_dd;lon_dd;datum;precisao;Data;Periodo;posicao;amb;trans_n;prof_max;prof_min;temp_c;visi_vert;visi_hor;cat_tax;Grupo;Reino;Táxon;abund;sample_config;area_m2
B;DE;-27.27171;-48.33171;WGS84;Topo;11/03/2020;M;Rebio Arvoredo;Costão Rochoso;1;12;6;23.5;8;9;Species;Ouriço;Animal;Eucidaris tribuloides;0;20m x 2m;40
B;DE;-27.27171;-48.33171;WGS84;Topo;11/03/2020;M;Rebio Arvoredo;Costão Rochoso;2;12;6;23.5;8;9;Species;Ouriço;Animal;Eucidaris tribuloides;2;20m x 2m;40
B;DE;-27.27171;-48.33171;WGS84;Topo;11/03/2020;M;Rebio Arvoredo;Costão Rochoso;3;12;6;23.5;8;9;Species;Ouriço;Animal;Eucidaris tribuloides;1;20m x 2m;40
B;DE;-27.27171;-48.33171;WGS84;Topo;11/03/2020;M;Rebio Arvoredo;Costão Rochoso;1;12;6;23.5;8;9;Species;Ouriço;Animal;Lytechinus variegatus;0;20m x 2m;40
B;DE;-27.27171;-48.33171;WGS84;Topo;11/03/2020;M;Rebio Arvoredo;Costão Rochoso;2;12;6;23.5;8;9;Species;Ouriço;Animal;Lytechinus variegatus;0;20m x 2m;40
B;DE;-27.27171;-48.33171;WGS84;Topo;11/03/2020;M;Rebio Arvoredo;Costão Rochoso;3;12;6;23.5;8;9;Species;Ouriço;Animal;Lytechinus variegatus;0;20m x 2m;40
B;DE;-27.27171;-48.33171;WGS84;Topo;11/03/2020;M;Rebio Arvoredo;Costão Rochoso;1;12;6;23.5;8;9;Species;Ouriço;Animal;Arbacia lixula;0;20m x 2m;40
B;DE;-27.27171;-48.33171;WGS84;Topo;11/03/2020;M;Rebio Arvoredo;Costão Rochoso;2;12;6;23.5;8;9;Species;Ouriço;Animal;Arbacia lixula;0;20m x 2m;40
B;DE;-27.27171;-48.33171;WGS84;Topo;11/03/2020;M;Rebio Arvoredo;Costão Rochoso;3;12;6;23.5;8;9;Species;Ouriço;Animal;Arbacia lixula;0;20m x 2m;40
B;DE;-27.27171;-48.33171;WGS84;Topo;11/03/2020;M;Rebio Arvoredo;Costão Rochoso;1;12;6;23.5;8;9;Species;Ouriço;Animal;Paracentrotus gaimardi;0;20m x 2m;40
B;DE;-27.27171;-48.33171;WGS84;Topo;11/03/2020;M;Rebio Arvoredo;Costão Rochoso;2;12;6;23.5;8;9;Species;Ouriço;Animal;Paracentrotus gaimardi;0;20m x 2m;40
B;DE;-27.27171;-48.33171;WGS84;Topo;11/03/2020;M;Rebio Arvoredo;Costão Rochoso;3;12;6;23.5;8;9;Species;Ouriço;Animal;Paracentrotus gaimardi;0;20m x 2m;40
B;DE;-27.27171;-48.33171;WGS84;Topo;11/03/2020;M;Rebio Arvoredo;Costão Rochoso;1;12;6;23.5;8;9;Species;Ouriço;Animal;Echinometra luchunter;55;20m x 2m;40
B;DE;-27.27171;-48.33171;WGS84;Topo;11/03/2020;M;Rebio Arvoredo;Costão Rochoso;2;12;6;23.5;8;9;Species;Ouriço;Animal;Echinometra luchunter;76;20m x 2m;40
B;DE;-27.27171;-48.33171;WGS84;Topo;11/03/2020;M;Rebio Arvoredo;Costão Rochoso;3;12;6;23.5;8;9;Species;Ouriço;Animal;Echinometra luchunter;64;20m x 2m;40
B;DE;-27.27171;-48.33171;WGS84;Topo;11/03/2020;M;Rebio Arvoredo;Costão Rochoso;1;12;6;23.5;8;9;Species;Estrela;Animal;Echinaster brasiliensis;1;20m x 2m;40
B;DE;-27.27171;-48.33171;WGS84;Topo;11/03/2020;M;Rebio Arvoredo;Costão Rochoso;2;12;6;23.5;8;9;Species;Estrela;Animal;Echinaster brasiliensis;2;20m x 2m;40
B;DE;-27.27171;-48.33171;WGS84;Topo;11/03/2020;M;Rebio Arvoredo;Costão Rochoso;3;12;6;23.5;8;9;Species;Estrela;Animal;Echinaster brasiliensis;1;20m x 2m;40
B;DE;-27.27171;-48.33171;WGS84;Topo;11/03/2020;M;Rebio Arvoredo;Costão Rochoso;1;12;6;23.5;8;9;Species;Estrela;Animal;Coscinasterias tenuispina;0;20m x 2m;40
B;DE;-27.27171;-48.33171;WGS84;Topo;11/03/2020;M;Rebio Arvoredo;Costão Rochoso;2;12;6;23.5;8;9;Species;Estrela;Animal;Coscinasterias tenuispina;0;20m x 2m;40
B;DE;-27.27171;-48.33171;WGS84;Topo;11/03/2020;M;Rebio Arvoredo;Costão Rochoso;3;12;6;23.5;8;9;Species;Estrela;Animal;Coscinasterias tenuispina;0;20m x 2m;40
B;DE;-27.27171;-48.33171;WGS84;Topo;11/03/2020;M;Rebio Arvoredo;Costão Rochoso;1;12;6;23.5;8;9;Species;Estrela;Animal;Narcissia trigonaria;0;20m x 2m;40
B;DE;-27.27171;-48.33171;WGS84;Topo;11/03/2020;M;Rebio Arvoredo;Costão Rochoso;2;12;6;23.5;8;9;Species;Estrela;Animal;Narcissia trigonaria;0;20m x 2m;40
B;DE;-27.27171;-48.33171;WGS84;Topo;11/03/2020;M;Rebio Arvoredo;Costão Rochoso;3;12;6;23.5;8;9;Species;Estrela;Animal;Narcissia trigonaria;0;20m x 2m;40
B;DE;-27.27171;-48.33171;WGS84;Topo;11/03/2020;M;Rebio Arvoredo;Costão Rochoso;1;12;6;23.5;8;9;Species;Bolacha do mar;Animal;Clypeaster subdepressus;0;20m x 2m;40
B;DE;-27.27171;-48.33171;WGS84;Topo;11/03/2020;M;Rebio Arvoredo;Costão Rochoso;2;12;6;23.5;8;9;Species;Bolacha do mar;Animal;Clypeaster subdepressus;0;20m x 2m;40
B;DE;-27.27171;-48.33171;WGS84;Topo;11/03/2020;M;Rebio Arvoredo;Costão Rochoso;3;12;6;23.5;8;9;Species;Bolacha do mar;Animal;Clypeaster subdepressus;0;20m x 2m;40
B;DE;-27.27171;-48.33171;WGS84;Topo;11/03/2020;M;Rebio Arvoredo;Costão Rochoso;1;12;6;23.5;8;9;Species;Pepino do mar;Animal;Isostichopus badionotus;0;20m x 2m;40
B;DE;-27.27171;-48.33171;WGS84;Topo;11/03/2020;M;Rebio Arvoredo;Costão Rochoso;2;12;6;23.5;8;9;Species;Pepino do mar;Animal;Isostichopus badionotus;0;20m x 2m;40
B;DE;-27.27171;-48.33171;WGS84;Topo;11/03/2020;M;Rebio Arvoredo;Costão Rochoso;3;12;6;23.5;8;9;Species;Pepino do mar;Animal;Isostichopus badionotus;1;20m x 2m;40
B;DE;-27.27171;-48.33171;WGS84;Topo;11/03/2020;M;Rebio Arvoredo;Costão Rochoso;1;12;6;23.5;8;9;Species;Pepino do mar;Animal;Holothuria grisea;0;20m x 2m;40
B;DE;-27.27171;-48.33171;WGS84;Topo;11/03/2020;M;Rebio Arvoredo;Costão Rochoso;2;12;6;23.5;8;9;Species;Pepino do mar;Animal;Holothuria grisea;0;20m x 2m;40
B;DE;-27.27171;-48.33171;WGS84;Topo;11/03/2020;M;Rebio Arvoredo;Costão Rochoso;3;12;6;23.5;8;9;Species;Pepino do mar;Animal;Holothuria grisea;0;20m x 2m;40
B;DE;-27.27171;-48.33171;WGS84;Topo;11/03/2020;M;Rebio Arvoredo;Costão Rochoso;1;12;6;23.5;8;9;Species;Lírio do mar;Animal;Tropiometra carinata;0;20m x 2m;40
B;DE;-27.27171;-48.33171;WGS84;Topo;11/03/2020;M;Rebio Arvoredo;Costão Rochoso;2;12;6;23.5;8;9;Species;Lírio do mar;Animal;Tropiometra carinata;0;20m x 2m;40
B;DE;-27.27171;-48.33171;WGS84;Topo;11/03/2020;M;Rebio Arvoredo;Costão Rochoso;3;12;6;23.5;8;9;Species;Lírio do mar;Animal;Tropiometra carinata;0;20m x 2m;40
B;DE;-27.27171;-48.33171;WGS84;Topo;11/03/2020;M;Rebio Arvoredo;Costão Rochoso;1;12;6;23.5;8;9;Species;Anêmona;Animal;Anemonia sargassensis;0;20m x 2m;40
B;DE;-27.27171;-48.33171;WGS84;Topo;11/03/2020;M;Rebio Arvoredo;Costão Rochoso;2;12;6;23.5;8;9;Species;Anêmona;Animal;Anemonia sargassensis;0;20m x 2m;40
B;DE;-27.27171;-48.33171;WGS84;Topo;11/03/2020;M;Rebio Arvoredo;Costão Rochoso;3;12;6;23.5;8;9;Species;Anêmona;Animal;Anemonia sargassensis;0;20m x 2m;40
B;DE;-27.27171;-48.33171;WGS84;Topo;11/03/2020;M;Rebio Arvoredo;Costão Rochoso;1;12;6;23.5;8;9;Species;Anêmona;Animal;Bunodosoma caissarum;0;20m x 2m;40
B;DE;-27.27171;-48.33171;WGS84;Topo;11/03/2020;M;Rebio Arvoredo;Costão Rochoso;2;12;6;23.5;8;9;Species;Anêmona;Animal;Bunodosoma caissarum;0;20m x 2m;40
B;DE;-27.27171;-48.33171;WGS84;Topo;11/03/2020;M;Rebio Arvoredo;Costão Rochoso;3;12;6;23.5;8;9;Species;Anêmona;Animal;Bunodosoma caissarum;0;20m x 2m;40
B;DE;-27.27171;-48.33171;WGS84;Topo;11/03/2020;M;Rebio Arvoredo;Costão Rochoso;1;12;6;23.5;8;9;Species;Anêmona;Animal;Actinostella flosculifera;0;20m x 2m;40
B;DE;-27.27171;-48.33171;WGS84;Topo;11/03/2020;M;Rebio Arvoredo;Costão Rochoso;2;12;6;23.5;8;9;Species;Anêmona;Animal;Actinostella flosculifera;0;20m x 2m;40
B;DE;-27.27171;-48.33171;WGS84;Topo;11/03/2020;M;Rebio Arvoredo;Costão Rochoso;3;12;6;23.5;8;9;Species;Anêmona;Animal;Actinostella flosculifera;0;20m x 2m;40
B;DE;-27.27171;-48.33171;WGS84;Topo;11/03/2020;M;Rebio Arvoredo;Costão Rochoso;1;12;6;23.5;8;9;Species;Species exótica;Animal;Schizoporella errata;0;20m x 2m;40
B;DE;-27.27171;-48.33171;WGS84;Topo;11/03/2020;M;Rebio Arvoredo;Costão Rochoso;2;12;6;23.5;8;9;Species;Species exótica;Animal;Schizoporella errata;0;20m x 2m;40
B;DE;-27.27171;-48.33171;WGS84;Topo;11/03/2020;M;Rebio Arvoredo;Costão Rochoso;3;12;6;23.5;8;9;Species;Species exótica;Animal;Schizoporella errata;0;20m x 2m;40
B;DE;-27.27171;-48.33171;WGS84;Topo;11/03/2020;M;Rebio Arvoredo;Costão Rochoso;1;12;6;23.5;8;9;Species;Gorgônia;Animal;Leptogorgia punicea;6;20m x 2m;40
B;DE;-27.27171;-48.33171;WGS84;Topo;11/03/2020;M;Rebio Arvoredo;Costão Rochoso;2;12;6;23.5;8;9;Species;Gorgônia;Animal;Leptogorgia punicea;4;20m x 2m;40
B;DE;-27.27171;-48.33171;WGS84;Topo;11/03/2020;M;Rebio Arvoredo;Costão Rochoso;3;12;6;23.5;8;9;Species;Gorgônia;Animal;Leptogorgia punicea;9;20m x 2m;40
B;DE;-27.27171;-48.33171;WGS84;Topo;11/03/2020;M;Rebio Arvoredo;Costão Rochoso;1;12;6;23.5;8;9;Family;Poliqueta;Animal;Serpulidae;0;20m x 2m;40
B;DE;-27.27171;-48.33171;WGS84;Topo;11/03/2020;M;Rebio Arvoredo;Costão Rochoso;2;12;6;23.5;8;9;Family;Poliqueta;Animal;Serpulidae;0;20m x 2m;40
B;DE;-27.27171;-48.33171;WGS84;Topo;11/03/2020;M;Rebio Arvoredo;Costão Rochoso;3;12;6;23.5;8;9;Family;Poliqueta;Animal;Serpulidae;0;20m x 2m;40
B;DE;-27.27171;-48.33171;WGS84;Topo;11/03/2020;M;Rebio Arvoredo;Costão Rochoso;1;12;6;23.5;8;9;Family;Poliqueta;Animal;Sabellidae;0;20m x 2m;40
B;DE;-27.27171;-48.33171;WGS84;Topo;11/03/2020;M;Rebio Arvoredo;Costão Rochoso;2;12;6;23.5;8;9;Family;Poliqueta;Animal;Sabellidae;0;20m x 2m;40
B;DE;-27.27171;-48.33171;WGS84;Topo;11/03/2020;M;Rebio Arvoredo;Costão Rochoso;3;12;6;23.5;8;9;Family;Poliqueta;Animal;Sabellidae;0;20m x 2m;40
B;DE;-27.27171;-48.33171;WGS84;Topo;11/03/2020;M;Rebio Arvoredo;Costão Rochoso;1;12;6;23.5;8;9;Species;Gastrópoda;Animal;Aplysia brasiliana;0;20m x 2m;40
B;DE;-27.27171;-48.33171;WGS84;Topo;11/03/2020;M;Rebio Arvoredo;Costão Rochoso;2;12;6;23.5;8;9;Species;Gastrópoda;Animal;Aplysia brasiliana;0;20m x 2m;40
B;DE;-27.27171;-48.33171;WGS84;Topo;11/03/2020;M;Rebio Arvoredo;Costão Rochoso;3;12;6;23.5;8;9;Species;Gastrópoda;Animal;Aplysia brasiliana;0;20m x 2m;40
B;DE;-27.27171;-48.33171;WGS84;Topo;11/03/2020;M;Rebio Arvoredo;Costão Rochoso;1;12;6;23.5;8;9;Genus;Gastrópoda;Animal;Cypraea;0;20m x 2m;40
B;DE;-27.27171;-48.33171;WGS84;Topo;11/03/2020;M;Rebio Arvoredo;Costão Rochoso;2;12;6;23.5;8;9;Genus;Gastrópoda;Animal;Cypraea;0;20m x 2m;40
B;DE;-27.27171;-48.33171;WGS84;Topo;11/03/2020;M;Rebio Arvoredo;Costão Rochoso;3;12;6;23.5;8;9;Genus;Gastrópoda;Animal;Cypraea;0;20m x 2m;40
B;DE;-27.27171;-48.33171;WGS84;Topo;11/03/2020;M;Rebio Arvoredo;Costão Rochoso;1;12;6;23.5;8;9;Species;Vieira;Animal;Nodipecten nodosus;0;20m x 2m;40
B;DE;-27.27171;-48.33171;WGS84;Topo;11/03/2020;M;Rebio Arvoredo;Costão Rochoso;2;12;6;23.5;8;9;Species;Vieira;Animal;Nodipecten nodosus;0;20m x 2m;40
B;DE;-27.27171;-48.33171;WGS84;Topo;11/03/2020;M;Rebio Arvoredo;Costão Rochoso;3;12;6;23.5;8;9;Species;Vieira;Animal;Nodipecten nodosus;0;20m x 2m;40
B;DE;-27.27171;-48.33171;WGS84;Topo;11/03/2020;M;Rebio Arvoredo;Costão Rochoso;1;12;6;23.5;8;9;Species;Species exótica;Animal;Ophiothela mirabilis;0;20m x 2m;40
B;DE;-27.27171;-48.33171;WGS84;Topo;11/03/2020;M;Rebio Arvoredo;Costão Rochoso;2;12;6;23.5;8;9;Species;Species exótica;Animal;Ophiothela mirabilis;0;20m x 2m;40
B;DE;-27.27171;-48.33171;WGS84;Topo;11/03/2020;M;Rebio Arvoredo;Costão Rochoso;3;12;6;23.5;8;9;Species;Species exótica;Animal;Ophiothela mirabilis;0;20m x 2m;40
B;DE;-27.27171;-48.33171;WGS84;Topo;11/03/2020;M;Rebio Arvoredo;Costão Rochoso;1;12;6;23.5;8;9;Species;Species exótica;Animal;Tubastraea coccinea;0;20m x 2m;40
B;DE;-27.27171;-48.33171;WGS84;Topo;11/03/2020;M;Rebio Arvoredo;Costão Rochoso;2;12;6;23.5;8;9;Species;Species exótica;Animal;Tubastraea coccinea;0;20m x 2m;40
B;DE;-27.27171;-48.33171;WGS84;Topo;11/03/2020;M;Rebio Arvoredo;Costão Rochoso;3;12;6;23.5;8;9;Species;Species exótica;Animal;Tubastraea coccinea;0;20m x 2m;40
B;DE;-27.27171;-48.33171;WGS84;Topo;11/03/2020;M;Rebio Arvoredo;Costão Rochoso;1;12;6;23.5;8;9;Species;Species exótica;Animal;Styela plicata;0;20m x 2m;40
B;DE;-27.27171;-48.33171;WGS84;Topo;11/03/2020;M;Rebio Arvoredo;Costão Rochoso;2;12;6;23.5;8;9;Species;Species exótica;Animal;Styela plicata;0;20m x 2m;40
B;DE;-27.27171;-48.33171;WGS84;Topo;11/03/2020;M;Rebio Arvoredo;Costão Rochoso;3;12;6;23.5;8;9;Species;Species exótica;Animal;Styela plicata;0;20m x 2m;40
B;DE;-27.27171;-48.33171;WGS84;Topo;11/03/2020;M;Rebio Arvoredo;Costão Rochoso;1;12;6;23.5;8;9;Species;Lixo de pesca;NA;NA;0;20m x 2m;40
B;DE;-27.27171;-48.33171;WGS84;Topo;11/03/2020;M;Rebio Arvoredo;Costão Rochoso;2;12;6;23.5;8;9;Species;Lixo de pesca;NA;NA;0;20m x 2m;40
B;DE;-27.27171;-48.33171;WGS84;Topo;11/03/2020;M;Rebio Arvoredo;Costão Rochoso;3;12;6;23.5;8;9;Species;Lixo de pesca;NA;NA;0;20m x 2m;40
B;DE;-27.27171;-48.33171;WGS84;Topo;11/03/2020;M;Rebio Arvoredo;Costão Rochoso;1;12;6;23.5;8;9;Species;Lixo comum;NA;NA;0;20m x 2m;40
B;DE;-27.27171;-48.33171;WGS84;Topo;11/03/2020;M;Rebio Arvoredo;Costão Rochoso;2;12;6;23.5;8;9;Species;Lixo comum;NA;NA;0;20m x 2m;40
B;DE;-27.27171;-48.33171;WGS84;Topo;11/03/2020;M;Rebio Arvoredo;Costão Rochoso;3;12;6;23.5;8;9;Species;Lixo comum;NA;NA;0;20m x 2m;40
B;DE;-27.27171;-48.33171;WGS84;Topo;11/03/2020;M;Rebio Arvoredo;Banco de Rodolito;1;16;12;23.5;8;9;Species;Ouriço;Animal;Eucidaris tribuloides;0;20m x 2m;40
B;DE;-27.27171;-48.33171;WGS84;Topo;11/03/2020;M;Rebio Arvoredo;Banco de Rodolito;2;16;12;23.5;8;9;Species;Ouriço;Animal;Eucidaris tribuloides;0;20m x 2m;40
B;DE;-27.27171;-48.33171;WGS84;Topo;11/03/2020;M;Rebio Arvoredo;Banco de Rodolito;3;16;12;23.5;8;9;Species;Ouriço;Animal;Eucidaris tribuloides;0;20m x 2m;40
B;DE;-27.27171;-48.33171;WGS84;Topo;11/03/2020;M;Rebio Arvoredo;Banco de Rodolito;1;16;12;23.5;8;9;Species;Ouriço;Animal;Lytechinus variegatus;0;20m x 2m;40
B;DE;-27.27171;-48.33171;WGS84;Topo;11/03/2020;M;Rebio Arvoredo;Banco de Rodolito;2;16;12;23.5;8;9;Species;Ouriço;Animal;Lytechinus variegatus;0;20m x 2m;40
B;DE;-27.27171;-48.33171;WGS84;Topo;11/03/2020;M;Rebio Arvoredo;Banco de Rodolito;3;16;12;23.5;8;9;Species;Ouriço;Animal;Lytechinus variegatus;0;20m x 2m;40
B;DE;-27.27171;-48.33171;WGS84;Topo;11/03/2020;M;Rebio Arvoredo;Banco de Rodolito;1;16;12;23.5;8;9;Species;Ouriço;Animal;Arbacia lixula;0;20m x 2m;40
B;DE;-27.27171;-48.33171;WGS84;Topo;11/03/2020;M;Rebio Arvoredo;Banco de Rodolito;2;16;12;23.5;8;9;Species;Ouriço;Animal;Arbacia lixula;0;20m x 2m;40
B;DE;-27.27171;-48.33171;WGS84;Topo;11/03/2020;M;Rebio Arvoredo;Banco de Rodolito;3;16;12;23.5;8;9;Species;Ouriço;Animal;Arbacia lixula;0;20m x 2m;40
B;DE;-27.27171;-48.33171;WGS84;Topo;11/03/2020;M;Rebio Arvoredo;Banco de Rodolito;1;16;12;23.5;8;9;Species;Ouriço;Animal;Paracentrotus gaimardi;0;20m x 2m;40
B;DE;-27.27171;-48.33171;WGS84;Topo;11/03/2020;M;Rebio Arvoredo;Banco de Rodolito;2;16;12;23.5;8;9;Species;Ouriço;Animal;Paracentrotus gaimardi;0;20m x 2m;40
B;DE;-27.27171;-48.33171;WGS84;Topo;11/03/2020;M;Rebio Arvoredo;Banco de Rodolito;3;16;12;23.5;8;9;Species;Ouriço;Animal;Paracentrotus gaimardi;0;20m x 2m;40
B;DE;-27.27171;-48.33171;WGS84;Topo;11/03/2020;M;Rebio Arvoredo;Banco de Rodolito;1;16;12;23.5;8;9;Species;Ouriço;Animal;Echinometra luchunter;0;20m x 2m;40
B;DE;-27.27171;-48.33171;WGS84;Topo;11/03/2020;M;Rebio Arvoredo;Banco de Rodolito;2;16;12;23.5;8;9;Species;Ouriço;Animal;Echinometra luchunter;0;20m x 2m;40
B;DE;-27.27171;-48.33171;WGS84;Topo;11/03/2020;M;Rebio Arvoredo;Banco de Rodolito;3;16;12;23.5;8;9;Species;Ouriço;Animal;Echinometra luchunter;0;20m x 2m;40
B;DE;-27.27171;-48.33171;WGS84;Topo;11/03/2020;M;Rebio Arvoredo;Banco de Rodolito;1;16;12;23.5;8;9;Species;Estrela;Animal;Echinaster brasiliensis;2;20m x 2m;40
B;DE;-27.27171;-48.33171;WGS84;Topo;11/03/2020;M;Rebio Arvoredo;Banco de Rodolito;2;16;12;23.5;8;9;Species;Estrela;Animal;Echinaster brasiliensis;1;20m x 2m;40
B;DE;-27.27171;-48.33171;WGS84;Topo;11/03/2020;M;Rebio Arvoredo;Banco de Rodolito;3;16;12;23.5;8;9;Species;Estrela;Animal;Echinaster brasiliensis;0;20m x 2m;40
B;DE;-27.27171;-48.33171;WGS84;Topo;11/03/2020;M;Rebio Arvoredo;Banco de Rodolito;1;16;12;23.5;8;9;Species;Estrela;Animal;Coscinasterias tenuispina;2;20m x 2m;40
B;DE;-27.27171;-48.33171;WGS84;Topo;11/03/2020;M;Rebio Arvoredo;Banco de Rodolito;2;16;12;23.5;8;9;Species;Estrela;Animal;Coscinasterias tenuispina;1;20m x 2m;40
B;DE;-27.27171;-48.33171;WGS84;Topo;11/03/2020;M;Rebio Arvoredo;Banco de Rodolito;3;16;12;23.5;8;9;Species;Estrela;Animal;Coscinasterias tenuispina;1;20m x 2m;40
B;DE;-27.27171;-48.33171;WGS84;Topo;11/03/2020;M;Rebio Arvoredo;Banco de Rodolito;1;16;12;23.5;8;9;Species;Estrela;Animal;Narcissia trigonaria;0;20m x 2m;40
B;DE;-27.27171;-48.33171;WGS84;Topo;11/03/2020;M;Rebio Arvoredo;Banco de Rodolito;2;16;12;23.5;8;9;Species;Estrela;Animal;Narcissia trigonaria;0;20m x 2m;40
B;DE;-27.27171;-48.33171;WGS84;Topo;11/03/2020;M;Rebio Arvoredo;Banco de Rodolito;3;16;12;23.5;8;9;Species;Estrela;Animal;Narcissia trigonaria;0;20m x 2m;40
B;DE;-27.27171;-48.33171;WGS84;Topo;11/03/2020;M;Rebio Arvoredo;Banco de Rodolito;1;16;12;23.5;8;9;Species;Bolacha do mar;Animal;Clypeaster subdepressus;1;20m x 2m;40
B;DE;-27.27171;-48.33171;WGS84;Topo;11/03/2020;M;Rebio Arvoredo;Banco de Rodolito;2;16;12;23.5;8;9;Species;Bolacha do mar;Animal;Clypeaster subdepressus;0;20m x 2m;40
B;DE;-27.27171;-48.33171;WGS84;Topo;11/03/2020;M;Rebio Arvoredo;Banco de Rodolito;3;16;12;23.5;8;9;Species;Bolacha do mar;Animal;Clypeaster subdepressus;0;20m x 2m;40
B;DE;-27.27171;-48.33171;WGS84;Topo;11/03/2020;M;Rebio Arvoredo;Banco de Rodolito;1;16;12;23.5;8;9;Species;Pepino do mar;Animal;Isostichopus badionotus;0;20m x 2m;40
B;DE;-27.27171;-48.33171;WGS84;Topo;11/03/2020;M;Rebio Arvoredo;Banco de Rodolito;2;16;12;23.5;8;9;Species;Pepino do mar;Animal;Isostichopus badionotus;0;20m x 2m;40
B;DE;-27.27171;-48.33171;WGS84;Topo;11/03/2020;M;Rebio Arvoredo;Banco de Rodolito;3;16;12;23.5;8;9;Species;Pepino do mar;Animal;Isostichopus badionotus;0;20m x 2m;40
B;DE;-27.27171;-48.33171;WGS84;Topo;11/03/2020;M;Rebio Arvoredo;Banco de Rodolito;1;16;12;23.5;8;9;Species;Pepino do mar;Animal;Holothuria grisea;0;20m x 2m;40
B;DE;-27.27171;-48.33171;WGS84;Topo;11/03/2020;M;Rebio Arvoredo;Banco de Rodolito;2;16;12;23.5;8;9;Species;Pepino do mar;Animal;Holothuria grisea;0;20m x 2m;40
B;DE;-27.27171;-48.33171;WGS84;Topo;11/03/2020;M;Rebio Arvoredo;Banco de Rodolito;3;16;12;23.5;8;9;Species;Pepino do mar;Animal;Holothuria grisea;0;20m x 2m;40
B;DE;-27.27171;-48.33171;WGS84;Topo;11/03/2020;M;Rebio Arvoredo;Banco de Rodolito;1;16;12;23.5;8;9;Species;Lírio do mar;Animal;Tropiometra carinata;0;20m x 2m;40
B;DE;-27.27171;-48.33171;WGS84;Topo;11/03/2020;M;Rebio Arvoredo;Banco de Rodolito;2;16;12;23.5;8;9;Species;Lírio do mar;Animal;Tropiometra carinata;0;20m x 2m;40
B;DE;-27.27171;-48.33171;WGS84;Topo;11/03/2020;M;Rebio Arvoredo;Banco de Rodolito;3;16;12;23.5;8;9;Species;Lírio do mar;Animal;Tropiometra carinata;0;20m x 2m;40
B;DE;-27.27171;-48.33171;WGS84;Topo;11/03/2020;M;Rebio Arvoredo;Banco de Rodolito;1;16;12;23.5;8;9;Species;Anêmona;Animal;Anemonia sargassensis;0;20m x 2m;40
B;DE;-27.27171;-48.33171;WGS84;Topo;11/03/2020;M;Rebio Arvoredo;Banco de Rodolito;2;16;12;23.5;8;9;Species;Anêmona;Animal;Anemonia sargassensis;0;20m x 2m;40
B;DE;-27.27171;-48.33171;WGS84;Topo;11/03/2020;M;Rebio Arvoredo;Banco de Rodolito;3;16;12;23.5;8;9;Species;Anêmona;Animal;Anemonia sargassensis;0;20m x 2m;40
B;DE;-27.27171;-48.33171;WGS84;Topo;11/03/2020;M;Rebio Arvoredo;Banco de Rodolito;1;16;12;23.5;8;9;Species;Anêmona;Animal;Bunodosoma caissarum;0;20m x 2m;40
B;DE;-27.27171;-48.33171;WGS84;Topo;11/03/2020;M;Rebio Arvoredo;Banco de Rodolito;2;16;12;23.5;8;9;Species;Anêmona;Animal;Bunodosoma caissarum;0;20m x 2m;40
B;DE;-27.27171;-48.33171;WGS84;Topo;11/03/2020;M;Rebio Arvoredo;Banco de Rodolito;3;16;12;23.5;8;9;Species;Anêmona;Animal;Bunodosoma caissarum;0;20m x 2m;40
B;DE;-27.27171;-48.33171;WGS84;Topo;11/03/2020;M;Rebio Arvoredo;Banco de Rodolito;1;16;12;23.5;8;9;Species;Anêmona;Animal;Actinostella flosculifera;0;20m x 2m;40
B;DE;-27.27171;-48.33171;WGS84;Topo;11/03/2020;M;Rebio Arvoredo;Banco de Rodolito;2;16;12;23.5;8;9;Species;Anêmona;Animal;Actinostella flosculifera;0;20m x 2m;40
B;DE;-27.27171;-48.33171;WGS84;Topo;11/03/2020;M;Rebio Arvoredo;Banco de Rodolito;3;16;12;23.5;8;9;Species;Anêmona;Animal;Actinostella flosculifera;0;20m x 2m;40
B;DE;-27.27171;-48.33171;WGS84;Topo;11/03/2020;M;Rebio Arvoredo;Banco de Rodolito;1;16;12;23.5;8;9;Species;Species exótica;Animal;Schizoporella errata;0;20m x 2m;40
B;DE;-27.27171;-48.33171;WGS84;Topo;11/03/2020;M;Rebio Arvoredo;Banco de Rodolito;2;16;12;23.5;8;9;Species;Species exótica;Animal;Schizoporella errata;0;20m x 2m;40
B;DE;-27.27171;-48.33171;WGS84;Topo;11/03/2020;M;Rebio Arvoredo;Banco de Rodolito;3;16;12;23.5;8;9;Species;Species exótica;Animal;Schizoporella errata;0;20m x 2m;40
B;DE;-27.27171;-48.33171;WGS84;Topo;11/03/2020;M;Rebio Arvoredo;Banco de Rodolito;1;16;12;23.5;8;9;Species;Gorgônia;Animal;Leptogorgia punicea;1;20m x 2m;40
B;DE;-27.27171;-48.33171;WGS84;Topo;11/03/2020;M;Rebio Arvoredo;Banco de Rodolito;2;16;12;23.5;8;9;Species;Gorgônia;Animal;Leptogorgia punicea;1;20m x 2m;40
B;DE;-27.27171;-48.33171;WGS84;Topo;11/03/2020;M;Rebio Arvoredo;Banco de Rodolito;3;16;12;23.5;8;9;Species;Gorgônia;Animal;Leptogorgia punicea;5;20m x 2m;40
B;DE;-27.27171;-48.33171;WGS84;Topo;11/03/2020;M;Rebio Arvoredo;Banco de Rodolito;1;16;12;23.5;8;9;Family;Poliqueta;Animal;Serpulidae;0;20m x 2m;40
B;DE;-27.27171;-48.33171;WGS84;Topo;11/03/2020;M;Rebio Arvoredo;Banco de Rodolito;2;16;12;23.5;8;9;Family;Poliqueta;Animal;Serpulidae;0;20m x 2m;40
B;DE;-27.27171;-48.33171;WGS84;Topo;11/03/2020;M;Rebio Arvoredo;Banco de Rodolito;3;16;12;23.5;8;9;Family;Poliqueta;Animal;Serpulidae;0;20m x 2m;40
B;DE;-27.27171;-48.33171;WGS84;Topo;11/03/2020;M;Rebio Arvoredo;Banco de Rodolito;1;16;12;23.5;8;9;Family;Poliqueta;Animal;Sabellidae;0;20m x 2m;40
B;DE;-27.27171;-48.33171;WGS84;Topo;11/03/2020;M;Rebio Arvoredo;Banco de Rodolito;2;16;12;23.5;8;9;Family;Poliqueta;Animal;Sabellidae;0;20m x 2m;40
B;DE;-27.27171;-48.33171;WGS84;Topo;11/03/2020;M;Rebio Arvoredo;Banco de Rodolito;3;16;12;23.5;8;9;Family;Poliqueta;Animal;Sabellidae;0;20m x 2m;40
B;DE;-27.27171;-48.33171;WGS84;Topo;11/03/2020;M;Rebio Arvoredo;Banco de Rodolito;1;16;12;23.5;8;9;Species;Gastrópoda;Animal;Aplysia brasiliana;0;20m x 2m;40
B;DE;-27.27171;-48.33171;WGS84;Topo;11/03/2020;M;Rebio Arvoredo;Banco de Rodolito;2;16;12;23.5;8;9;Species;Gastrópoda;Animal;Aplysia brasiliana;0;20m x 2m;40
B;DE;-27.27171;-48.33171;WGS84;Topo;11/03/2020;M;Rebio Arvoredo;Banco de Rodolito;3;16;12;23.5;8;9;Species;Gastrópoda;Animal;Aplysia brasiliana;0;20m x 2m;40
B;DE;-27.27171;-48.33171;WGS84;Topo;11/03/2020;M;Rebio Arvoredo;Banco de Rodolito;1;16;12;23.5;8;9;Genus;Gastrópoda;Animal;Cypraea;0;20m x 2m;40
B;DE;-27.27171;-48.33171;WGS84;Topo;11/03/2020;M;Rebio Arvoredo;Banco de Rodolito;2;16;12;23.5;8;9;Genus;Gastrópoda;Animal;Cypraea;0;20m x 2m;40
B;DE;-27.27171;-48.33171;WGS84;Topo;11/03/2020;M;Rebio Arvoredo;Banco de Rodolito;3;16;12;23.5;8;9;Genus;Gastrópoda;Animal;Cypraea;0;20m x 2m;40
B;DE;-27.27171;-48.33171;WGS84;Topo;11/03/2020;M;Rebio Arvoredo;Banco de Rodolito;1;16;12;23.5;8;9;Species;Vieira;Animal;Nodipecten nodosus;0;20m x 2m;40
B;DE;-27.27171;-48.33171;WGS84;Topo;11/03/2020;M;Rebio Arvoredo;Banco de Rodolito;2;16;12;23.5;8;9;Species;Vieira;Animal;Nodipecten nodosus;0;20m x 2m;40
B;DE;-27.27171;-48.33171;WGS84;Topo;11/03/2020;M;Rebio Arvoredo;Banco de Rodolito;3;16;12;23.5;8;9;Species;Vieira;Animal;Nodipecten nodosus;1;20m x 2m;40
B;DE;-27.27171;-48.33171;WGS84;Topo;11/03/2020;M;Rebio Arvoredo;Banco de Rodolito;1;16;12;23.5;8;9;Species;Species exótica;Animal;Ophiothela mirabilis;0;20m x 2m;40
B;DE;-27.27171;-48.33171;WGS84;Topo;11/03/2020;M;Rebio Arvoredo;Banco de Rodolito;2;16;12;23.5;8;9;Species;Species exótica;Animal;Ophiothela mirabilis;0;20m x 2m;40
B;DE;-27.27171;-48.33171;WGS84;Topo;11/03/2020;M;Rebio Arvoredo;Banco de Rodolito;3;16;12;23.5;8;9;Species;Species exótica;Animal;Ophiothela mirabilis;0;20m x 2m;40
B;DE;-27.27171;-48.33171;WGS84;Topo;11/03/2020;M;Rebio Arvoredo;Banco de Rodolito;1;16;12;23.5;8;9;Species;Species exótica;Animal;Tubastraea coccinea;0;20m x 2m;40
B;DE;-27.27171;-48.33171;WGS84;Topo;11/03/2020;M;Rebio Arvoredo;Banco de Rodolito;2;16;12;23.5;8;9;Species;Species exótica;Animal;Tubastraea coccinea;0;20m x 2m;40
B;DE;-27.27171;-48.33171;WGS84;Topo;11/03/2020;M;Rebio Arvoredo;Banco de Rodolito;3;16;12;23.5;8;9;Species;Species exótica;Animal;Tubastraea coccinea;0;20m x 2m;40
B;DE;-27.27171;-48.33171;WGS84;Topo;11/03/2020;M;Rebio Arvoredo;Banco de Rodolito;1;16;12;23.5;8;9;Species;Species exótica;Animal;Styela plicata;0;20m x 2m;40
B;DE;-27.27171;-48.33171;WGS84;Topo;11/03/2020;M;Rebio Arvoredo;Banco de Rodolito;2;16;12;23.5;8;9;Species;Species exótica;Animal;Styela plicata;0;20m x 2m;40
B;DE;-27.27171;-48.33171;WGS84;Topo;11/03/2020;M;Rebio Arvoredo;Banco de Rodolito;3;16;12;23.5;8;9;Species;Species exótica;Animal;Styela plicata;0;20m x 2m;40
B;DE;-27.27171;-48.33171;WGS84;Topo;11/03/2020;M;Rebio Arvoredo;Banco de Rodolito;1;16;12;23.5;8;9;Species;Lixo de pesca;NA;NA;0;20m x 2m;40
B;DE;-27.27171;-48.33171;WGS84;Topo;11/03/2020;M;Rebio Arvoredo;Banco de Rodolito;2;16;12;23.5;8;9;Species;Lixo de pesca;NA;NA;1;20m x 2m;40
B;DE;-27.27171;-48.33171;WGS84;Topo;11/03/2020;M;Rebio Arvoredo;Banco de Rodolito;3;16;12;23.5;8;9;Species;Lixo de pesca;NA;NA;0;20m x 2m;40
B;DE;-27.27171;-48.33171;WGS84;Topo;11/03/2020;M;Rebio Arvoredo;Banco de Rodolito;1;16;12;23.5;8;9;Species;Lixo comum;NA;NA;0;20m x 2m;40
B;DE;-27.27171;-48.33171;WGS84;Topo;11/03/2020;M;Rebio Arvoredo;Banco de Rodolito;2;16;12;23.5;8;9;Species;Lixo comum;NA;NA;0;20m x 2m;40
B;DE;-27.27171;-48.33171;WGS84;Topo;11/03/2020;M;Rebio Arvoredo;Banco de Rodolito;3;16;12;23.5;8;9;Species;Lixo comum;NA;NA;0;20m x 2m;40
B;RN;-27.27823;-48.37542;WGS84;Topo;06/03/2020;M;Rebio Arvoredo;Costão Rochoso;1;6;6;NA;5;5;Species;Ouriço;Animal;Eucidaris tribuloides;3;20m x 2m;40
B;RN;-27.27823;-48.37542;WGS84;Topo;06/03/2020;M;Rebio Arvoredo;Costão Rochoso;2;6;6;NA;5;5;Species;Ouriço;Animal;Eucidaris tribuloides;1;20m x 2m;40
B;RN;-27.27823;-48.37542;WGS84;Topo;06/03/2020;M;Rebio Arvoredo;Costão Rochoso;3;6;6;NA;5;5;Species;Ouriço;Animal;Eucidaris tribuloides;1;20m x 2m;40
B;RN;-27.27823;-48.37542;WGS84;Topo;06/03/2020;M;Rebio Arvoredo;Costão Rochoso;1;6;6;NA;5;5;Species;Ouriço;Animal;Lytechinus variegatus;1;20m x 2m;40
B;RN;-27.27823;-48.37542;WGS84;Topo;06/03/2020;M;Rebio Arvoredo;Costão Rochoso;2;6;6;NA;5;5;Species;Ouriço;Animal;Lytechinus variegatus;5;20m x 2m;40
B;RN;-27.27823;-48.37542;WGS84;Topo;06/03/2020;M;Rebio Arvoredo;Costão Rochoso;3;6;6;NA;5;5;Species;Ouriço;Animal;Lytechinus variegatus;0;20m x 2m;40
B;RN;-27.27823;-48.37542;WGS84;Topo;06/03/2020;M;Rebio Arvoredo;Costão Rochoso;1;6;6;NA;5;5;Species;Ouriço;Animal;Arbacia lixula;4;20m x 2m;40
B;RN;-27.27823;-48.37542;WGS84;Topo;06/03/2020;M;Rebio Arvoredo;Costão Rochoso;2;6;6;NA;5;5;Species;Ouriço;Animal;Arbacia lixula;0;20m x 2m;40
B;RN;-27.27823;-48.37542;WGS84;Topo;06/03/2020;M;Rebio Arvoredo;Costão Rochoso;3;6;6;NA;5;5;Species;Ouriço;Animal;Arbacia lixula;1;20m x 2m;40
B;RN;-27.27823;-48.37542;WGS84;Topo;06/03/2020;M;Rebio Arvoredo;Costão Rochoso;1;6;6;NA;5;5;Species;Ouriço;Animal;Paracentrotus gaimardi;17;20m x 2m;40
B;RN;-27.27823;-48.37542;WGS84;Topo;06/03/2020;M;Rebio Arvoredo;Costão Rochoso;2;6;6;NA;5;5;Species;Ouriço;Animal;Paracentrotus gaimardi;37;20m x 2m;40
B;RN;-27.27823;-48.37542;WGS84;Topo;06/03/2020;M;Rebio Arvoredo;Costão Rochoso;3;6;6;NA;5;5;Species;Ouriço;Animal;Paracentrotus gaimardi;21;20m x 2m;40
B;RN;-27.27823;-48.37542;WGS84;Topo;06/03/2020;M;Rebio Arvoredo;Costão Rochoso;1;6;6;NA;5;5;Species;Ouriço;Animal;Echinometra lucunter;30;20m x 2m;40
B;RN;-27.27823;-48.37542;WGS84;Topo;06/03/2020;M;Rebio Arvoredo;Costão Rochoso;2;6;6;NA;5;5;Species;Ouriço;Animal;Echinometra lucunter;98;20m x 2m;40
B;RN;-27.27823;-48.37542;WGS84;Topo;06/03/2020;M;Rebio Arvoredo;Costão Rochoso;3;6;6;NA;5;5;Species;Ouriço;Animal;Echinometra lucunter;62;20m x 2m;40
B;RN;-27.27823;-48.37542;WGS84;Topo;06/03/2020;M;Rebio Arvoredo;Costão Rochoso;1;6;6;NA;5;5;Species;Estrela;Animal;Echinaster brasiliensis;0;20m x 2m;40
B;RN;-27.27823;-48.37542;WGS84;Topo;06/03/2020;M;Rebio Arvoredo;Costão Rochoso;2;6;6;NA;5;5;Species;Estrela;Animal;Echinaster brasiliensis;0;20m x 2m;40
B;RN;-27.27823;-48.37542;WGS84;Topo;06/03/2020;M;Rebio Arvoredo;Costão Rochoso;3;6;6;NA;5;5;Species;Estrela;Animal;Echinaster brasiliensis;0;20m x 2m;40
B;RN;-27.27823;-48.37542;WGS84;Topo;06/03/2020;M;Rebio Arvoredo;Costão Rochoso;1;6;6;NA;5;5;Species;Estrela;Animal;Coscinasterias tenuispina;2;20m x 2m;40
B;RN;-27.27823;-48.37542;WGS84;Topo;06/03/2020;M;Rebio Arvoredo;Costão Rochoso;2;6;6;NA;5;5;Species;Estrela;Animal;Coscinasterias tenuispina;0;20m x 2m;40
B;RN;-27.27823;-48.37542;WGS84;Topo;06/03/2020;M;Rebio Arvoredo;Costão Rochoso;3;6;6;NA;5;5;Species;Estrela;Animal;Coscinasterias tenuispina;0;20m x 2m;40
B;RN;-27.27823;-48.37542;WGS84;Topo;06/03/2020;M;Rebio Arvoredo;Costão Rochoso;1;6;6;NA;5;5;Species;Estrela;Animal;Narcissia trigonaria;0;20m x 2m;40
B;RN;-27.27823;-48.37542;WGS84;Topo;06/03/2020;M;Rebio Arvoredo;Costão Rochoso;2;6;6;NA;5;5;Species;Estrela;Animal;Narcissia trigonaria;0;20m x 2m;40
B;RN;-27.27823;-48.37542;WGS84;Topo;06/03/2020;M;Rebio Arvoredo;Costão Rochoso;3;6;6;NA;5;5;Species;Estrela;Animal;Narcissia trigonaria;0;20m x 2m;40
B;RN;-27.27823;-48.37542;WGS84;Topo;06/03/2020;M;Rebio Arvoredo;Costão Rochoso;1;6;6;NA;5;5;Species;Bolacha do mar;Animal;Clypeaster subdepressus;0;20m x 2m;40
B;RN;-27.27823;-48.37542;WGS84;Topo;06/03/2020;M;Rebio Arvoredo;Costão Rochoso;2;6;6;NA;5;5;Species;Bolacha do mar;Animal;Clypeaster subdepressus;0;20m x 2m;40
B;RN;-27.27823;-48.37542;WGS84;Topo;06/03/2020;M;Rebio Arvoredo;Costão Rochoso;3;6;6;NA;5;5;Species;Bolacha do mar;Animal;Clypeaster subdepressus;0;20m x 2m;40
B;RN;-27.27823;-48.37542;WGS84;Topo;06/03/2020;M;Rebio Arvoredo;Costão Rochoso;1;6;6;NA;5;5;Species;Pepino do mar;Animal;Isostichopus badionotus;0;20m x 2m;40
B;RN;-27.27823;-48.37542;WGS84;Topo;06/03/2020;M;Rebio Arvoredo;Costão Rochoso;2;6;6;NA;5;5;Species;Pepino do mar;Animal;Isostichopus badionotus;0;20m x 2m;40
B;RN;-27.27823;-48.37542;WGS84;Topo;06/03/2020;M;Rebio Arvoredo;Costão Rochoso;3;6;6;NA;5;5;Species;Pepino do mar;Animal;Isostichopus badionotus;0;20m x 2m;40
B;RN;-27.27823;-48.37542;WGS84;Topo;06/03/2020;M;Rebio Arvoredo;Costão Rochoso;1;6;6;NA;5;5;Species;Pepino do mar;Animal;Holothuria grisea;2;20m x 2m;40
B;RN;-27.27823;-48.37542;WGS84;Topo;06/03/2020;M;Rebio Arvoredo;Costão Rochoso;2;6;6;NA;5;5;Species;Pepino do mar;Animal;Holothuria grisea;0;20m x 2m;40
B;RN;-27.27823;-48.37542;WGS84;Topo;06/03/2020;M;Rebio Arvoredo;Costão Rochoso;3;6;6;NA;5;5;Species;Pepino do mar;Animal;Holothuria grisea;0;20m x 2m;40
B;RN;-27.27823;-48.37542;WGS84;Topo;06/03/2020;M;Rebio Arvoredo;Costão Rochoso;1;6;6;NA;5;5;Species;Lírio do mar;Animal;Tropiometra carinata;0;20m x 2m;40
B;RN;-27.27823;-48.37542;WGS84;Topo;06/03/2020;M;Rebio Arvoredo;Costão Rochoso;2;6;6;NA;5;5;Species;Lírio do mar;Animal;Tropiometra carinata;0;20m x 2m;40
B;RN;-27.27823;-48.37542;WGS84;Topo;06/03/2020;M;Rebio Arvoredo;Costão Rochoso;3;6;6;NA;5;5;Species;Lírio do mar;Animal;Tropiometra carinata;0;20m x 2m;40
B;RN;-27.27823;-48.37542;WGS84;Topo;06/03/2020;M;Rebio Arvoredo;Costão Rochoso;1;6;6;NA;5;5;Species;Anêmona;Animal;Anemonia sargassensis;0;20m x 2m;40
B;RN;-27.27823;-48.37542;WGS84;Topo;06/03/2020;M;Rebio Arvoredo;Costão Rochoso;2;6;6;NA;5;5;Species;Anêmona;Animal;Anemonia sargassensis;0;20m x 2m;40
B;RN;-27.27823;-48.37542;WGS84;Topo;06/03/2020;M;Rebio Arvoredo;Costão Rochoso;3;6;6;NA;5;5;Species;Anêmona;Animal;Anemonia sargassensis;0;20m x 2m;40
B;RN;-27.27823;-48.37542;WGS84;Topo;06/03/2020;M;Rebio Arvoredo;Costão Rochoso;1;6;6;NA;5;5;Species;Anêmona;Animal;Bunodosoma caissarum;0;20m x 2m;40
B;RN;-27.27823;-48.37542;WGS84;Topo;06/03/2020;M;Rebio Arvoredo;Costão Rochoso;2;6;6;NA;5;5;Species;Anêmona;Animal;Bunodosoma caissarum;0;20m x 2m;40
B;RN;-27.27823;-48.37542;WGS84;Topo;06/03/2020;M;Rebio Arvoredo;Costão Rochoso;3;6;6;NA;5;5;Species;Anêmona;Animal;Bunodosoma caissarum;0;20m x 2m;40
B;RN;-27.27823;-48.37542;WGS84;Topo;06/03/2020;M;Rebio Arvoredo;Costão Rochoso;1;6;6;NA;5;5;Species;Anêmona;Animal;Actinostella flosculifera;0;20m x 2m;40
B;RN;-27.27823;-48.37542;WGS84;Topo;06/03/2020;M;Rebio Arvoredo;Costão Rochoso;2;6;6;NA;5;5;Species;Anêmona;Animal;Actinostella flosculifera;0;20m x 2m;40
B;RN;-27.27823;-48.37542;WGS84;Topo;06/03/2020;M;Rebio Arvoredo;Costão Rochoso;3;6;6;NA;5;5;Species;Anêmona;Animal;Actinostella flosculifera;0;20m x 2m;40
B;RN;-27.27823;-48.37542;WGS84;Topo;06/03/2020;M;Rebio Arvoredo;Costão Rochoso;1;6;6;NA;5;5;Species;Species exótica;Animal;Schizoporella errata;0;20m x 2m;40
B;RN;-27.27823;-48.37542;WGS84;Topo;06/03/2020;M;Rebio Arvoredo;Costão Rochoso;2;6;6;NA;5;5;Species;Species exótica;Animal;Schizoporella errata;0;20m x 2m;40
B;RN;-27.27823;-48.37542;WGS84;Topo;06/03/2020;M;Rebio Arvoredo;Costão Rochoso;3;6;6;NA;5;5;Species;Species exótica;Animal;Schizoporella errata;0;20m x 2m;40
B;RN;-27.27823;-48.37542;WGS84;Topo;06/03/2020;M;Rebio Arvoredo;Costão Rochoso;1;6;6;NA;5;5;Species;Gorgônia;Animal;Leptogorgia punicea;0;20m x 2m;40
B;RN;-27.27823;-48.37542;WGS84;Topo;06/03/2020;M;Rebio Arvoredo;Costão Rochoso;2;6;6;NA;5;5;Species;Gorgônia;Animal;Leptogorgia punicea;0;20m x 2m;40
B;RN;-27.27823;-48.37542;WGS84;Topo;06/03/2020;M;Rebio Arvoredo;Costão Rochoso;3;6;6;NA;5;5;Species;Gorgônia;Animal;Leptogorgia punicea;0;20m x 2m;40
B;RN;-27.27823;-48.37542;WGS84;Topo;06/03/2020;M;Rebio Arvoredo;Costão Rochoso;1;6;6;NA;5;5;Family;Poliqueta;Animal;Serpulidae;0;20m x 2m;40
B;RN;-27.27823;-48.37542;WGS84;Topo;06/03/2020;M;Rebio Arvoredo;Costão Rochoso;2;6;6;NA;5;5;Family;Poliqueta;Animal;Serpulidae;0;20m x 2m;40
B;RN;-27.27823;-48.37542;WGS84;Topo;06/03/2020;M;Rebio Arvoredo;Costão Rochoso;3;6;6;NA;5;5;Family;Poliqueta;Animal;Serpulidae;0;20m x 2m;40
B;RN;-27.27823;-48.37542;WGS84;Topo;06/03/2020;M;Rebio Arvoredo;Costão Rochoso;1;6;6;NA;5;5;Family;Poliqueta;Animal;Sabellidae;0;20m x 2m;40
B;RN;-27.27823;-48.37542;WGS84;Topo;06/03/2020;M;Rebio Arvoredo;Costão Rochoso;2;6;6;NA;5;5;Family;Poliqueta;Animal;Sabellidae;0;20m x 2m;40
B;RN;-27.27823;-48.37542;WGS84;Topo;06/03/2020;M;Rebio Arvoredo;Costão Rochoso;3;6;6;NA;5;5;Family;Poliqueta;Animal;Sabellidae;0;20m x 2m;40
B;RN;-27.27823;-48.37542;WGS84;Topo;06/03/2020;M;Rebio Arvoredo;Costão Rochoso;1;6;6;NA;5;5;Species;Gastrópoda;Animal;Aplysia brasiliana;0;20m x 2m;40
B;RN;-27.27823;-48.37542;WGS84;Topo;06/03/2020;M;Rebio Arvoredo;Costão Rochoso;2;6;6;NA;5;5;Species;Gastrópoda;Animal;Aplysia brasiliana;0;20m x 2m;40
B;RN;-27.27823;-48.37542;WGS84;Topo;06/03/2020;M;Rebio Arvoredo;Costão Rochoso;3;6;6;NA;5;5;Species;Gastrópoda;Animal;Aplysia brasiliana;0;20m x 2m;40
B;RN;-27.27823;-48.37542;WGS84;Topo;06/03/2020;M;Rebio Arvoredo;Costão Rochoso;1;6;6;NA;5;5;Genus;Gastrópoda;Animal;Cypraea;0;20m x 2m;40
B;RN;-27.27823;-48.37542;WGS84;Topo;06/03/2020;M;Rebio Arvoredo;Costão Rochoso;2;6;6;NA;5;5;Genus;Gastrópoda;Animal;Cypraea;0;20m x 2m;40
B;RN;-27.27823;-48.37542;WGS84;Topo;06/03/2020;M;Rebio Arvoredo;Costão Rochoso;3;6;6;NA;5;5;Genus;Gastrópoda;Animal;Cypraea;0;20m x 2m;40
B;RN;-27.27823;-48.37542;WGS84;Topo;06/03/2020;M;Rebio Arvoredo;Costão Rochoso;1;6;6;NA;5;5;Species;Vieira;Animal;Nodipecten nodosus;0;20m x 2m;40
B;RN;-27.27823;-48.37542;WGS84;Topo;06/03/2020;M;Rebio Arvoredo;Costão Rochoso;2;6;6;NA;5;5;Species;Vieira;Animal;Nodipecten nodosus;0;20m x 2m;40
B;RN;-27.27823;-48.37542;WGS84;Topo;06/03/2020;M;Rebio Arvoredo;Costão Rochoso;3;6;6;NA;5;5;Species;Vieira;Animal;Nodipecten nodosus;0;20m x 2m;40
B;RN;-27.27823;-48.37542;WGS84;Topo;06/03/2020;M;Rebio Arvoredo;Costão Rochoso;1;6;6;NA;5;5;Species;Species exótica;Animal;Ophiothela mirabilis;0;20m x 2m;40
B;RN;-27.27823;-48.37542;WGS84;Topo;06/03/2020;M;Rebio Arvoredo;Costão Rochoso;2;6;6;NA;5;5;Species;Species exótica;Animal;Ophiothela mirabilis;0;20m x 2m;40
B;RN;-27.27823;-48.37542;WGS84;Topo;06/03/2020;M;Rebio Arvoredo;Costão Rochoso;3;6;6;NA;5;5;Species;Species exótica;Animal;Ophiothela mirabilis;0;20m x 2m;40
B;RN;-27.27823;-48.37542;WGS84;Topo;06/03/2020;M;Rebio Arvoredo;Costão Rochoso;1;6;6;NA;5;5;Species;Species exótica;Animal;Tubastraea coccinea;0;20m x 2m;40
B;RN;-27.27823;-48.37542;WGS84;Topo;06/03/2020;M;Rebio Arvoredo;Costão Rochoso;2;6;6;NA;5;5;Species;Species exótica;Animal;Tubastraea coccinea;0;20m x 2m;40
B;RN;-27.27823;-48.37542;WGS84;Topo;06/03/2020;M;Rebio Arvoredo;Costão Rochoso;3;6;6;NA;5;5;Species;Species exótica;Animal;Tubastraea coccinea;0;20m x 2m;40
B;RN;-27.27823;-48.37542;WGS84;Topo;06/03/2020;M;Rebio Arvoredo;Costão Rochoso;1;6;6;NA;5;5;Species;Species exótica;Animal;Styela plicata;0;20m x 2m;40
B;RN;-27.27823;-48.37542;WGS84;Topo;06/03/2020;M;Rebio Arvoredo;Costão Rochoso;2;6;6;NA;5;5;Species;Species exótica;Animal;Styela plicata;0;20m x 2m;40
B;RN;-27.27823;-48.37542;WGS84;Topo;06/03/2020;M;Rebio Arvoredo;Costão Rochoso;3;6;6;NA;5;5;Species;Species exótica;Animal;Styela plicata;0;20m x 2m;40
B;RN;-27.27823;-48.37542;WGS84;Topo;06/03/2020;M;Rebio Arvoredo;Costão Rochoso;1;6;6;NA;5;5;Species;Lixo de pesca;NA;NA;0;20m x 2m;40
B;RN;-27.27823;-48.37542;WGS84;Topo;06/03/2020;M;Rebio Arvoredo;Costão Rochoso;2;6;6;NA;5;5;Species;Lixo de pesca;NA;NA;1;20m x 2m;40
B;RN;-27.27823;-48.37542;WGS84;Topo;06/03/2020;M;Rebio Arvoredo;Costão Rochoso;3;6;6;NA;5;5;Species;Lixo de pesca;NA;NA;0;20m x 2m;40
B;RN;-27.27823;-48.37542;WGS84;Topo;06/03/2020;M;Rebio Arvoredo;Costão Rochoso;1;6;6;NA;5;5;Species;Lixo comum;NA;NA;0;20m x 2m;40
B;RN;-27.27823;-48.37542;WGS84;Topo;06/03/2020;M;Rebio Arvoredo;Costão Rochoso;2;6;6;NA;5;5;Species;Lixo comum;NA;NA;0;20m x 2m;40
B;RN;-27.27823;-48.37542;WGS84;Topo;06/03/2020;M;Rebio Arvoredo;Costão Rochoso;3;6;6;NA;5;5;Species;Lixo comum;NA;NA;0;20m x 2m;40
B;RN;-27.27823;-48.37542;WGS84;Topo;06/03/2020;M;Rebio Arvoredo;Banco de Rodolito;1;10;10;NA;5;5;Species;Ouriço;Animal;Eucidaris tribuloides;2;20m x 2m;40
B;RN;-27.27823;-48.37542;WGS84;Topo;06/03/2020;M;Rebio Arvoredo;Banco de Rodolito;2;10;10;NA;5;5;Species;Ouriço;Animal;Eucidaris tribuloides;3;20m x 2m;40
B;RN;-27.27823;-48.37542;WGS84;Topo;06/03/2020;M;Rebio Arvoredo;Banco de Rodolito;3;10;10;NA;5;5;Species;Ouriço;Animal;Eucidaris tribuloides;1;20m x 2m;40
B;RN;-27.27823;-48.37542;WGS84;Topo;06/03/2020;M;Rebio Arvoredo;Banco de Rodolito;1;10;10;NA;5;5;Species;Ouriço;Animal;Lytechinus variegatus;0;20m x 2m;40
B;RN;-27.27823;-48.37542;WGS84;Topo;06/03/2020;M;Rebio Arvoredo;Banco de Rodolito;2;10;10;NA;5;5;Species;Ouriço;Animal;Lytechinus variegatus;0;20m x 2m;40
B;RN;-27.27823;-48.37542;WGS84;Topo;06/03/2020;M;Rebio Arvoredo;Banco de Rodolito;3;10;10;NA;5;5;Species;Ouriço;Animal;Lytechinus variegatus;0;20m x 2m;40
B;RN;-27.27823;-48.37542;WGS84;Topo;06/03/2020;M;Rebio Arvoredo;Banco de Rodolito;1;10;10;NA;5;5;Species;Ouriço;Animal;Arbacia lixula;0;20m x 2m;40
B;RN;-27.27823;-48.37542;WGS84;Topo;06/03/2020;M;Rebio Arvoredo;Banco de Rodolito;2;10;10;NA;5;5;Species;Ouriço;Animal;Arbacia lixula;0;20m x 2m;40
B;RN;-27.27823;-48.37542;WGS84;Topo;06/03/2020;M;Rebio Arvoredo;Banco de Rodolito;3;10;10;NA;5;5;Species;Ouriço;Animal;Arbacia lixula;0;20m x 2m;40
B;RN;-27.27823;-48.37542;WGS84;Topo;06/03/2020;M;Rebio Arvoredo;Banco de Rodolito;1;10;10;NA;5;5;Species;Ouriço;Animal;Paracentrotus gaimardi;0;20m x 2m;40
B;RN;-27.27823;-48.37542;WGS84;Topo;06/03/2020;M;Rebio Arvoredo;Banco de Rodolito;2;10;10;NA;5;5;Species;Ouriço;Animal;Paracentrotus gaimardi;0;20m x 2m;40
B;RN;-27.27823;-48.37542;WGS84;Topo;06/03/2020;M;Rebio Arvoredo;Banco de Rodolito;3;10;10;NA;5;5;Species;Ouriço;Animal;Paracentrotus gaimardi;0;20m x 2m;40
B;RN;-27.27823;-48.37542;WGS84;Topo;06/03/2020;M;Rebio Arvoredo;Banco de Rodolito;1;10;10;NA;5;5;Species;Ouriço;Animal;Echinometra luchunter;0;20m x 2m;40
B;RN;-27.27823;-48.37542;WGS84;Topo;06/03/2020;M;Rebio Arvoredo;Banco de Rodolito;2;10;10;NA;5;5;Species;Ouriço;Animal;Echinometra luchunter;0;20m x 2m;40
B;RN;-27.27823;-48.37542;WGS84;Topo;06/03/2020;M;Rebio Arvoredo;Banco de Rodolito;3;10;10;NA;5;5;Species;Ouriço;Animal;Echinometra luchunter;0;20m x 2m;40
B;RN;-27.27823;-48.37542;WGS84;Topo;06/03/2020;M;Rebio Arvoredo;Banco de Rodolito;1;10;10;NA;5;5;Species;Estrela;Animal;Echinaster brasiliensis;0;20m x 2m;40
B;RN;-27.27823;-48.37542;WGS84;Topo;06/03/2020;M;Rebio Arvoredo;Banco de Rodolito;2;10;10;NA;5;5;Species;Estrela;Animal;Echinaster brasiliensis;0;20m x 2m;40
B;RN;-27.27823;-48.37542;WGS84;Topo;06/03/2020;M;Rebio Arvoredo;Banco de Rodolito;3;10;10;NA;5;5;Species;Estrela;Animal;Echinaster brasiliensis;0;20m x 2m;40
B;RN;-27.27823;-48.37542;WGS84;Topo;06/03/2020;M;Rebio Arvoredo;Banco de Rodolito;1;10;10;NA;5;5;Species;Estrela;Animal;Coscinasterias tenuispina;0;20m x 2m;40
B;RN;-27.27823;-48.37542;WGS84;Topo;06/03/2020;M;Rebio Arvoredo;Banco de Rodolito;2;10;10;NA;5;5;Species;Estrela;Animal;Coscinasterias tenuispina;0;20m x 2m;40
B;RN;-27.27823;-48.37542;WGS84;Topo;06/03/2020;M;Rebio Arvoredo;Banco de Rodolito;3;10;10;NA;5;5;Species;Estrela;Animal;Coscinasterias tenuispina;0;20m x 2m;40
B;RN;-27.27823;-48.37542;WGS84;Topo;06/03/2020;M;Rebio Arvoredo;Banco de Rodolito;1;10;10;NA;5;5;Species;Estrela;Animal;Narcissia trigonaria;0;20m x 2m;40
B;RN;-27.27823;-48.37542;WGS84;Topo;06/03/2020;M;Rebio Arvoredo;Banco de Rodolito;2;10;10;NA;5;5;Species;Estrela;Animal;Narcissia trigonaria;0;20m x 2m;40
B;RN;-27.27823;-48.37542;WGS84;Topo;06/03/2020;M;Rebio Arvoredo;Banco de Rodolito;3;10;10;NA;5;5;Species;Estrela;Animal;Narcissia trigonaria;0;20m x 2m;40
B;RN;-27.27823;-48.37542;WGS84;Topo;06/03/2020;M;Rebio Arvoredo;Banco de Rodolito;1;10;10;NA;5;5;Species;Bolacha do mar;Animal;Clypeaster subdepressus;0;20m x 2m;40
B;RN;-27.27823;-48.37542;WGS84;Topo;06/03/2020;M;Rebio Arvoredo;Banco de Rodolito;2;10;10;NA;5;5;Species;Bolacha do mar;Animal;Clypeaster subdepressus;0;20m x 2m;40
B;RN;-27.27823;-48.37542;WGS84;Topo;06/03/2020;M;Rebio Arvoredo;Banco de Rodolito;3;10;10;NA;5;5;Species;Bolacha do mar;Animal;Clypeaster subdepressus;0;20m x 2m;40
B;RN;-27.27823;-48.37542;WGS84;Topo;06/03/2020;M;Rebio Arvoredo;Banco de Rodolito;1;10;10;NA;5;5;Species;Pepino do mar;Animal;Isostichopus badionotus;0;20m x 2m;40
B;RN;-27.27823;-48.37542;WGS84;Topo;06/03/2020;M;Rebio Arvoredo;Banco de Rodolito;2;10;10;NA;5;5;Species;Pepino do mar;Animal;Isostichopus badionotus;0;20m x 2m;40
B;RN;-27.27823;-48.37542;WGS84;Topo;06/03/2020;M;Rebio Arvoredo;Banco de Rodolito;3;10;10;NA;5;5;Species;Pepino do mar;Animal;Isostichopus badionotus;0;20m x 2m;40
B;RN;-27.27823;-48.37542;WGS84;Topo;06/03/2020;M;Rebio Arvoredo;Banco de Rodolito;1;10;10;NA;5;5;Species;Pepino do mar;Animal;Holothuria grisea;0;20m x 2m;40
B;RN;-27.27823;-48.37542;WGS84;Topo;06/03/2020;M;Rebio Arvoredo;Banco de Rodolito;2;10;10;NA;5;5;Species;Pepino do mar;Animal;Holothuria grisea;0;20m x 2m;40
B;RN;-27.27823;-48.37542;WGS84;Topo;06/03/2020;M;Rebio Arvoredo;Banco de Rodolito;3;10;10;NA;5;5;Species;Pepino do mar;Animal;Holothuria grisea;0;20m x 2m;40
B;RN;-27.27823;-48.37542;WGS84;Topo;06/03/2020;M;Rebio Arvoredo;Banco de Rodolito;1;10;10;NA;5;5;Species;Lírio do mar;Animal;Tropiometra carinata;0;20m x 2m;40
B;RN;-27.27823;-48.37542;WGS84;Topo;06/03/2020;M;Rebio Arvoredo;Banco de Rodolito;2;10;10;NA;5;5;Species;Lírio do mar;Animal;Tropiometra carinata;0;20m x 2m;40
B;RN;-27.27823;-48.37542;WGS84;Topo;06/03/2020;M;Rebio Arvoredo;Banco de Rodolito;3;10;10;NA;5;5;Species;Lírio do mar;Animal;Tropiometra carinata;0;20m x 2m;40
B;RN;-27.27823;-48.37542;WGS84;Topo;06/03/2020;M;Rebio Arvoredo;Banco de Rodolito;1;10;10;NA;5;5;Species;Anêmona;Animal;Anemonia sargassensis;0;20m x 2m;40
B;RN;-27.27823;-48.37542;WGS84;Topo;06/03/2020;M;Rebio Arvoredo;Banco de Rodolito;2;10;10;NA;5;5;Species;Anêmona;Animal;Anemonia sargassensis;0;20m x 2m;40
B;RN;-27.27823;-48.37542;WGS84;Topo;06/03/2020;M;Rebio Arvoredo;Banco de Rodolito;3;10;10;NA;5;5;Species;Anêmona;Animal;Anemonia sargassensis;0;20m x 2m;40
B;RN;-27.27823;-48.37542;WGS84;Topo;06/03/2020;M;Rebio Arvoredo;Banco de Rodolito;1;10;10;NA;5;5;Species;Anêmona;Animal;Bunodosoma caissarum;0;20m x 2m;40
B;RN;-27.27823;-48.37542;WGS84;Topo;06/03/2020;M;Rebio Arvoredo;Banco de Rodolito;2;10;10;NA;5;5;Species;Anêmona;Animal;Bunodosoma caissarum;0;20m x 2m;40
B;RN;-27.27823;-48.37542;WGS84;Topo;06/03/2020;M;Rebio Arvoredo;Banco de Rodolito;3;10;10;NA;5;5;Species;Anêmona;Animal;Bunodosoma caissarum;0;20m x 2m;40
B;RN;-27.27823;-48.37542;WGS84;Topo;06/03/2020;M;Rebio Arvoredo;Banco de Rodolito;1;10;10;NA;5;5;Species;Anêmona;Animal;Actinostella flosculifera;0;20m x 2m;40
B;RN;-27.27823;-48.37542;WGS84;Topo;06/03/2020;M;Rebio Arvoredo;Banco de Rodolito;2;10;10;NA;5;5;Species;Anêmona;Animal;Actinostella flosculifera;0;20m x 2m;40
B;RN;-27.27823;-48.37542;WGS84;Topo;06/03/2020;M;Rebio Arvoredo;Banco de Rodolito;3;10;10;NA;5;5;Species;Anêmona;Animal;Actinostella flosculifera;0;20m x 2m;40
B;RN;-27.27823;-48.37542;WGS84;Topo;06/03/2020;M;Rebio Arvoredo;Banco de Rodolito;1;10;10;NA;5;5;Species;Species exótica;Animal;Schizoporella errata;0;20m x 2m;40
B;RN;-27.27823;-48.37542;WGS84;Topo;06/03/2020;M;Rebio Arvoredo;Banco de Rodolito;2;10;10;NA;5;5;Species;Species exótica;Animal;Schizoporella errata;0;20m x 2m;40
B;RN;-27.27823;-48.37542;WGS84;Topo;06/03/2020;M;Rebio Arvoredo;Banco de Rodolito;3;10;10;NA;5;5;Species;Species exótica;Animal;Schizoporella errata;2;20m x 2m;40
B;RN;-27.27823;-48.37542;WGS84;Topo;06/03/2020;M;Rebio Arvoredo;Banco de Rodolito;1;10;10;NA;5;5;Species;Gorgônia;Animal;Leptogorgia punicea;0;20m x 2m;40
B;RN;-27.27823;-48.37542;WGS84;Topo;06/03/2020;M;Rebio Arvoredo;Banco de Rodolito;2;10;10;NA;5;5;Species;Gorgônia;Animal;Leptogorgia punicea;0;20m x 2m;40
B;RN;-27.27823;-48.37542;WGS84;Topo;06/03/2020;M;Rebio Arvoredo;Banco de Rodolito;3;10;10;NA;5;5;Species;Gorgônia;Animal;Leptogorgia punicea;0;20m x 2m;40
B;RN;-27.27823;-48.37542;WGS84;Topo;06/03/2020;M;Rebio Arvoredo;Banco de Rodolito;1;10;10;NA;5;5;Family;Poliqueta;Animal;Serpulidae;0;20m x 2m;40
B;RN;-27.27823;-48.37542;WGS84;Topo;06/03/2020;M;Rebio Arvoredo;Banco de Rodolito;2;10;10;NA;5;5;Family;Poliqueta;Animal;Serpulidae;0;20m x 2m;40
B;RN;-27.27823;-48.37542;WGS84;Topo;06/03/2020;M;Rebio Arvoredo;Banco de Rodolito;3;10;10;NA;5;5;Family;Poliqueta;Animal;Serpulidae;0;20m x 2m;40
B;RN;-27.27823;-48.37542;WGS84;Topo;06/03/2020;M;Rebio Arvoredo;Banco de Rodolito;1;10;10;NA;5;5;Family;Poliqueta;Animal;Sabellidae;0;20m x 2m;40
B;RN;-27.27823;-48.37542;WGS84;Topo;06/03/2020;M;Rebio Arvoredo;Banco de Rodolito;2;10;10;NA;5;5;Family;Poliqueta;Animal;Sabellidae;0;20m x 2m;40
B;RN;-27.27823;-48.37542;WGS84;Topo;06/03/2020;M;Rebio Arvoredo;Banco de Rodolito;3;10;10;NA;5;5;Family;Poliqueta;Animal;Sabellidae;0;20m x 2m;40
B;RN;-27.27823;-48.37542;WGS84;Topo;06/03/2020;M;Rebio Arvoredo;Banco de Rodolito;1;10;10;NA;5;5;Species;Gastrópoda;Animal;Aplysia brasiliana;0;20m x 2m;40
B;RN;-27.27823;-48.37542;WGS84;Topo;06/03/2020;M;Rebio Arvoredo;Banco de Rodolito;2;10;10;NA;5;5;Species;Gastrópoda;Animal;Aplysia brasiliana;0;20m x 2m;40
B;RN;-27.27823;-48.37542;WGS84;Topo;06/03/2020;M;Rebio Arvoredo;Banco de Rodolito;3;10;10;NA;5;5;Species;Gastrópoda;Animal;Aplysia brasiliana;0;20m x 2m;40
B;RN;-27.27823;-48.37542;WGS84;Topo;06/03/2020;M;Rebio Arvoredo;Banco de Rodolito;1;10;10;NA;5;5;Genus;Gastrópoda;Animal;Cypraea;0;20m x 2m;40
B;RN;-27.27823;-48.37542;WGS84;Topo;06/03/2020;M;Rebio Arvoredo;Banco de Rodolito;2;10;10;NA;5;5;Genus;Gastrópoda;Animal;Cypraea;0;20m x 2m;40
B;RN;-27.27823;-48.37542;WGS84;Topo;06/03/2020;M;Rebio Arvoredo;Banco de Rodolito;3;10;10;NA;5;5;Genus;Gastrópoda;Animal;Cypraea;0;20m x 2m;40
B;RN;-27.27823;-48.37542;WGS84;Topo;06/03/2020;M;Rebio Arvoredo;Banco de Rodolito;1;10;10;NA;5;5;Species;Vieira;Animal;Nodipecten nodosus;0;20m x 2m;40
B;RN;-27.27823;-48.37542;WGS84;Topo;06/03/2020;M;Rebio Arvoredo;Banco de Rodolito;2;10;10;NA;5;5;Species;Vieira;Animal;Nodipecten nodosus;0;20m x 2m;40
B;RN;-27.27823;-48.37542;WGS84;Topo;06/03/2020;M;Rebio Arvoredo;Banco de Rodolito;3;10;10;NA;5;5;Species;Vieira;Animal;Nodipecten nodosus;0;20m x 2m;40
B;RN;-27.27823;-48.37542;WGS84;Topo;06/03/2020;M;Rebio Arvoredo;Banco de Rodolito;1;10;10;NA;5;5;Species;Species exótica;Animal;Ophiothela mirabilis;0;20m x 2m;40
B;RN;-27.27823;-48.37542;WGS84;Topo;06/03/2020;M;Rebio Arvoredo;Banco de Rodolito;2;10;10;NA;5;5;Species;Species exótica;Animal;Ophiothela mirabilis;0;20m x 2m;40
B;RN;-27.27823;-48.37542;WGS84;Topo;06/03/2020;M;Rebio Arvoredo;Banco de Rodolito;3;10;10;NA;5;5;Species;Species exótica;Animal;Ophiothela mirabilis;0;20m x 2m;40
B;RN;-27.27823;-48.37542;WGS84;Topo;06/03/2020;M;Rebio Arvoredo;Banco de Rodolito;1;10;10;NA;5;5;Species;Species exótica;Animal;Tubastraea coccinea;0;20m x 2m;40
B;RN;-27.27823;-48.37542;WGS84;Topo;06/03/2020;M;Rebio Arvoredo;Banco de Rodolito;2;10;10;NA;5;5;Species;Species exótica;Animal;Tubastraea coccinea;0;20m x 2m;40
B;RN;-27.27823;-48.37542;WGS84;Topo;06/03/2020;M;Rebio Arvoredo;Banco de Rodolito;3;10;10;NA;5;5;Species;Species exótica;Animal;Tubastraea coccinea;0;20m x 2m;40
B;RN;-27.27823;-48.37542;WGS84;Topo;06/03/2020;M;Rebio Arvoredo;Banco de Rodolito;1;10;10;NA;5;5;Species;Species exótica;Animal;Styela plicata;0;20m x 2m;40
B;RN;-27.27823;-48.37542;WGS84;Topo;06/03/2020;M;Rebio Arvoredo;Banco de Rodolito;2;10;10;NA;5;5;Species;Species exótica;Animal;Styela plicata;0;20m x 2m;40
B;RN;-27.27823;-48.37542;WGS84;Topo;06/03/2020;M;Rebio Arvoredo;Banco de Rodolito;3;10;10;NA;5;5;Species;Species exótica;Animal;Styela plicata;0;20m x 2m;40
B;RN;-27.27823;-48.37542;WGS84;Topo;06/03/2020;M;Rebio Arvoredo;Banco de Rodolito;1;10;10;NA;5;5;Species;Lixo de pesca;NA;NA;0;20m x 2m;40
B;RN;-27.27823;-48.37542;WGS84;Topo;06/03/2020;M;Rebio Arvoredo;Banco de Rodolito;2;10;10;NA;5;5;Species;Lixo de pesca;NA;NA;6;20m x 2m;40
B;RN;-27.27823;-48.37542;WGS84;Topo;06/03/2020;M;Rebio Arvoredo;Banco de Rodolito;3;10;10;NA;5;5;Species;Lixo de pesca;NA;NA;0;20m x 2m;40
B;RN;-27.27823;-48.37542;WGS84;Topo;06/03/2020;M;Rebio Arvoredo;Banco de Rodolito;1;10;10;NA;5;5;Species;Lixo comum;NA;NA;4;20m x 2m;40
B;RN;-27.27823;-48.37542;WGS84;Topo;06/03/2020;M;Rebio Arvoredo;Banco de Rodolito;2;10;10;NA;5;5;Species;Lixo comum;NA;NA;1;20m x 2m;40
B;RN;-27.27823;-48.37542;WGS84;Topo;06/03/2020;M;Rebio Arvoredo;Banco de Rodolito;3;10;10;NA;5;5;Species;Lixo comum;NA;NA;1;20m x 2m;40
B;TS;-27.18098;-48.40996;WGS84;Topo;17/03/2020;M;Rebio Arvoredo;Costão Rochoso;1;6;5;NA;4;5;Species;Ouriço;Animal;Eucidaris tribuloides;0;20m x 2m;40
B;TS;-27.18098;-48.40996;WGS84;Topo;17/03/2020;M;Rebio Arvoredo;Costão Rochoso;2;6;5;NA;4;5;Species;Ouriço;Animal;Eucidaris tribuloides;0;20m x 2m;40
B;TS;-27.18098;-48.40996;WGS84;Topo;17/03/2020;M;Rebio Arvoredo;Costão Rochoso;3;6;5;NA;4;5;Species;Ouriço;Animal;Eucidaris tribuloides;0;20m x 2m;40
B;TS;-27.18098;-48.40996;WGS84;Topo;17/03/2020;M;Rebio Arvoredo;Costão Rochoso;1;6;5;NA;4;5;Species;Ouriço;Animal;Lytechinus variegatus;0;20m x 2m;40
B;TS;-27.18098;-48.40996;WGS84;Topo;17/03/2020;M;Rebio Arvoredo;Costão Rochoso;2;6;5;NA;4;5;Species;Ouriço;Animal;Lytechinus variegatus;0;20m x 2m;40
B;TS;-27.18098;-48.40996;WGS84;Topo;17/03/2020;M;Rebio Arvoredo;Costão Rochoso;3;6;5;NA;4;5;Species;Ouriço;Animal;Lytechinus variegatus;0;20m x 2m;40
B;TS;-27.18098;-48.40996;WGS84;Topo;17/03/2020;M;Rebio Arvoredo;Costão Rochoso;1;6;5;NA;4;5;Species;Ouriço;Animal;Arbacia lixula;1;20m x 2m;40
B;TS;-27.18098;-48.40996;WGS84;Topo;17/03/2020;M;Rebio Arvoredo;Costão Rochoso;2;6;5;NA;4;5;Species;Ouriço;Animal;Arbacia lixula;2;20m x 2m;40
B;TS;-27.18098;-48.40996;WGS84;Topo;17/03/2020;M;Rebio Arvoredo;Costão Rochoso;3;6;5;NA;4;5;Species;Ouriço;Animal;Arbacia lixula;1;20m x 2m;40
B;TS;-27.18098;-48.40996;WGS84;Topo;17/03/2020;M;Rebio Arvoredo;Costão Rochoso;1;6;5;NA;4;5;Species;Ouriço;Animal;Paracentrotus gaimardi;0;20m x 2m;40
B;TS;-27.18098;-48.40996;WGS84;Topo;17/03/2020;M;Rebio Arvoredo;Costão Rochoso;2;6;5;NA;4;5;Species;Ouriço;Animal;Paracentrotus gaimardi;0;20m x 2m;40
B;TS;-27.18098;-48.40996;WGS84;Topo;17/03/2020;M;Rebio Arvoredo;Costão Rochoso;3;6;5;NA;4;5;Species;Ouriço;Animal;Paracentrotus gaimardi;0;20m x 2m;40
B;TS;-27.18098;-48.40996;WGS84;Topo;17/03/2020;M;Rebio Arvoredo;Costão Rochoso;1;6;5;NA;4;5;Species;Ouriço;Animal;Echinometra luchunter;15;20m x 2m;40
B;TS;-27.18098;-48.40996;WGS84;Topo;17/03/2020;M;Rebio Arvoredo;Costão Rochoso;2;6;5;NA;4;5;Species;Ouriço;Animal;Echinometra luchunter;106;20m x 2m;40
B;TS;-27.18098;-48.40996;WGS84;Topo;17/03/2020;M;Rebio Arvoredo;Costão Rochoso;3;6;5;NA;4;5;Species;Ouriço;Animal;Echinometra luchunter;45;20m x 2m;40
B;TS;-27.18098;-48.40996;WGS84;Topo;17/03/2020;M;Rebio Arvoredo;Costão Rochoso;1;6;5;NA;4;5;Species;Estrela;Animal;Echinaster brasiliensis;0;20m x 2m;40
B;TS;-27.18098;-48.40996;WGS84;Topo;17/03/2020;M;Rebio Arvoredo;Costão Rochoso;2;6;5;NA;4;5;Species;Estrela;Animal;Echinaster brasiliensis;1;20m x 2m;40
B;TS;-27.18098;-48.40996;WGS84;Topo;17/03/2020;M;Rebio Arvoredo;Costão Rochoso;3;6;5;NA;4;5;Species;Estrela;Animal;Echinaster brasiliensis;0;20m x 2m;40
B;TS;-27.18098;-48.40996;WGS84;Topo;17/03/2020;M;Rebio Arvoredo;Costão Rochoso;1;6;5;NA;4;5;Species;Estrela;Animal;Coscinasterias tenuispina;0;20m x 2m;40
B;TS;-27.18098;-48.40996;WGS84;Topo;17/03/2020;M;Rebio Arvoredo;Costão Rochoso;2;6;5;NA;4;5;Species;Estrela;Animal;Coscinasterias tenuispina;0;20m x 2m;40
B;TS;-27.18098;-48.40996;WGS84;Topo;17/03/2020;M;Rebio Arvoredo;Costão Rochoso;3;6;5;NA;4;5;Species;Estrela;Animal;Coscinasterias tenuispina;0;20m x 2m;40
B;TS;-27.18098;-48.40996;WGS84;Topo;17/03/2020;M;Rebio Arvoredo;Costão Rochoso;1;6;5;NA;4;5;Species;Estrela;Animal;Narcissia trigonaria;0;20m x 2m;40
B;TS;-27.18098;-48.40996;WGS84;Topo;17/03/2020;M;Rebio Arvoredo;Costão Rochoso;2;6;5;NA;4;5;Species;Estrela;Animal;Narcissia trigonaria;0;20m x 2m;40
B;TS;-27.18098;-48.40996;WGS84;Topo;17/03/2020;M;Rebio Arvoredo;Costão Rochoso;3;6;5;NA;4;5;Species;Estrela;Animal;Narcissia trigonaria;0;20m x 2m;40
B;TS;-27.18098;-48.40996;WGS84;Topo;17/03/2020;M;Rebio Arvoredo;Costão Rochoso;1;6;5;NA;4;5;Species;Bolacha do mar;Animal;Clypeaster subdepressus;0;20m x 2m;40
B;TS;-27.18098;-48.40996;WGS84;Topo;17/03/2020;M;Rebio Arvoredo;Costão Rochoso;2;6;5;NA;4;5;Species;Bolacha do mar;Animal;Clypeaster subdepressus;0;20m x 2m;40
B;TS;-27.18098;-48.40996;WGS84;Topo;17/03/2020;M;Rebio Arvoredo;Costão Rochoso;3;6;5;NA;4;5;Species;Bolacha do mar;Animal;Clypeaster subdepressus;0;20m x 2m;40
B;TS;-27.18098;-48.40996;WGS84;Topo;17/03/2020;M;Rebio Arvoredo;Costão Rochoso;1;6;5;NA;4;5;Species;Pepino do mar;Animal;Isostichopus badionotus;0;20m x 2m;40
B;TS;-27.18098;-48.40996;WGS84;Topo;17/03/2020;M;Rebio Arvoredo;Costão Rochoso;2;6;5;NA;4;5;Species;Pepino do mar;Animal;Isostichopus badionotus;2;20m x 2m;40
B;TS;-27.18098;-48.40996;WGS84;Topo;17/03/2020;M;Rebio Arvoredo;Costão Rochoso;3;6;5;NA;4;5;Species;Pepino do mar;Animal;Isostichopus badionotus;1;20m x 2m;40
B;TS;-27.18098;-48.40996;WGS84;Topo;17/03/2020;M;Rebio Arvoredo;Costão Rochoso;1;6;5;NA;4;5;Species;Pepino do mar;Animal;Holothuria grisea;1;20m x 2m;40
B;TS;-27.18098;-48.40996;WGS84;Topo;17/03/2020;M;Rebio Arvoredo;Costão Rochoso;2;6;5;NA;4;5;Species;Pepino do mar;Animal;Holothuria grisea;0;20m x 2m;40
B;TS;-27.18098;-48.40996;WGS84;Topo;17/03/2020;M;Rebio Arvoredo;Costão Rochoso;3;6;5;NA;4;5;Species;Pepino do mar;Animal;Holothuria grisea;0;20m x 2m;40
B;TS;-27.18098;-48.40996;WGS84;Topo;17/03/2020;M;Rebio Arvoredo;Costão Rochoso;1;6;5;NA;4;5;Species;Lírio do mar;Animal;Tropiometra carinata;0;20m x 2m;40
B;TS;-27.18098;-48.40996;WGS84;Topo;17/03/2020;M;Rebio Arvoredo;Costão Rochoso;2;6;5;NA;4;5;Species;Lírio do mar;Animal;Tropiometra carinata;0;20m x 2m;40
B;TS;-27.18098;-48.40996;WGS84;Topo;17/03/2020;M;Rebio Arvoredo;Costão Rochoso;3;6;5;NA;4;5;Species;Lírio do mar;Animal;Tropiometra carinata;0;20m x 2m;40
B;TS;-27.18098;-48.40996;WGS84;Topo;17/03/2020;M;Rebio Arvoredo;Costão Rochoso;1;6;5;NA;4;5;Species;Anêmona;Animal;Anemonia sargassensis;0;20m x 2m;40
B;TS;-27.18098;-48.40996;WGS84;Topo;17/03/2020;M;Rebio Arvoredo;Costão Rochoso;2;6;5;NA;4;5;Species;Anêmona;Animal;Anemonia sargassensis;0;20m x 2m;40
B;TS;-27.18098;-48.40996;WGS84;Topo;17/03/2020;M;Rebio Arvoredo;Costão Rochoso;3;6;5;NA;4;5;Species;Anêmona;Animal;Anemonia sargassensis;1;20m x 2m;40
B;TS;-27.18098;-48.40996;WGS84;Topo;17/03/2020;M;Rebio Arvoredo;Costão Rochoso;1;6;5;NA;4;5;Species;Anêmona;Animal;Bunodosoma caissarum;0;20m x 2m;40
B;TS;-27.18098;-48.40996;WGS84;Topo;17/03/2020;M;Rebio Arvoredo;Costão Rochoso;2;6;5;NA;4;5;Species;Anêmona;Animal;Bunodosoma caissarum;0;20m x 2m;40
B;TS;-27.18098;-48.40996;WGS84;Topo;17/03/2020;M;Rebio Arvoredo;Costão Rochoso;3;6;5;NA;4;5;Species;Anêmona;Animal;Bunodosoma caissarum;0;20m x 2m;40
B;TS;-27.18098;-48.40996;WGS84;Topo;17/03/2020;M;Rebio Arvoredo;Costão Rochoso;1;6;5;NA;4;5;Species;Anêmona;Animal;Actinostella flosculifera;2;20m x 2m;40
B;TS;-27.18098;-48.40996;WGS84;Topo;17/03/2020;M;Rebio Arvoredo;Costão Rochoso;2;6;5;NA;4;5;Species;Anêmona;Animal;Actinostella flosculifera;2;20m x 2m;40
B;TS;-27.18098;-48.40996;WGS84;Topo;17/03/2020;M;Rebio Arvoredo;Costão Rochoso;3;6;5;NA;4;5;Species;Anêmona;Animal;Actinostella flosculifera;0;20m x 2m;40
B;TS;-27.18098;-48.40996;WGS84;Topo;17/03/2020;M;Rebio Arvoredo;Costão Rochoso;1;6;5;NA;4;5;Species;Species exótica;Animal;Schizoporella errata;0;20m x 2m;40
B;TS;-27.18098;-48.40996;WGS84;Topo;17/03/2020;M;Rebio Arvoredo;Costão Rochoso;2;6;5;NA;4;5;Species;Species exótica;Animal;Schizoporella errata;2;20m x 2m;40
B;TS;-27.18098;-48.40996;WGS84;Topo;17/03/2020;M;Rebio Arvoredo;Costão Rochoso;3;6;5;NA;4;5;Species;Species exótica;Animal;Schizoporella errata;6;20m x 2m;40
B;TS;-27.18098;-48.40996;WGS84;Topo;17/03/2020;M;Rebio Arvoredo;Costão Rochoso;1;6;5;NA;4;5;Species;Gorgônia;Animal;Leptogorgia punicea;0;20m x 2m;40
B;TS;-27.18098;-48.40996;WGS84;Topo;17/03/2020;M;Rebio Arvoredo;Costão Rochoso;2;6;5;NA;4;5;Species;Gorgônia;Animal;Leptogorgia punicea;0;20m x 2m;40
B;TS;-27.18098;-48.40996;WGS84;Topo;17/03/2020;M;Rebio Arvoredo;Costão Rochoso;3;6;5;NA;4;5;Species;Gorgônia;Animal;Leptogorgia punicea;1;20m x 2m;40
B;TS;-27.18098;-48.40996;WGS84;Topo;17/03/2020;M;Rebio Arvoredo;Costão Rochoso;1;6;5;NA;4;5;Family;Poliqueta;Animal;Serpulidae;0;20m x 2m;40
B;TS;-27.18098;-48.40996;WGS84;Topo;17/03/2020;M;Rebio Arvoredo;Costão Rochoso;2;6;5;NA;4;5;Family;Poliqueta;Animal;Serpulidae;0;20m x 2m;40
B;TS;-27.18098;-48.40996;WGS84;Topo;17/03/2020;M;Rebio Arvoredo;Costão Rochoso;3;6;5;NA;4;5;Family;Poliqueta;Animal;Serpulidae;0;20m x 2m;40
B;TS;-27.18098;-48.40996;WGS84;Topo;17/03/2020;M;Rebio Arvoredo;Costão Rochoso;1;6;5;NA;4;5;Family;Poliqueta;Animal;Sabellidae;0;20m x 2m;40
B;TS;-27.18098;-48.40996;WGS84;Topo;17/03/2020;M;Rebio Arvoredo;Costão Rochoso;2;6;5;NA;4;5;Family;Poliqueta;Animal;Sabellidae;3;20m x 2m;40
B;TS;-27.18098;-48.40996;WGS84;Topo;17/03/2020;M;Rebio Arvoredo;Costão Rochoso;3;6;5;NA;4;5;Family;Poliqueta;Animal;Sabellidae;0;20m x 2m;40
B;TS;-27.18098;-48.40996;WGS84;Topo;17/03/2020;M;Rebio Arvoredo;Costão Rochoso;1;6;5;NA;4;5;Species;Gastrópoda;Animal;Aplysia brasiliana;0;20m x 2m;40
B;TS;-27.18098;-48.40996;WGS84;Topo;17/03/2020;M;Rebio Arvoredo;Costão Rochoso;2;6;5;NA;4;5;Species;Gastrópoda;Animal;Aplysia brasiliana;0;20m x 2m;40
B;TS;-27.18098;-48.40996;WGS84;Topo;17/03/2020;M;Rebio Arvoredo;Costão Rochoso;3;6;5;NA;4;5;Species;Gastrópoda;Animal;Aplysia brasiliana;0;20m x 2m;40
B;TS;-27.18098;-48.40996;WGS84;Topo;17/03/2020;M;Rebio Arvoredo;Costão Rochoso;1;6;5;NA;4;5;Genus;Gastrópoda;Animal;Cypraea;0;20m x 2m;40
B;TS;-27.18098;-48.40996;WGS84;Topo;17/03/2020;M;Rebio Arvoredo;Costão Rochoso;2;6;5;NA;4;5;Genus;Gastrópoda;Animal;Cypraea;0;20m x 2m;40
B;TS;-27.18098;-48.40996;WGS84;Topo;17/03/2020;M;Rebio Arvoredo;Costão Rochoso;3;6;5;NA;4;5;Genus;Gastrópoda;Animal;Cypraea;0;20m x 2m;40
B;TS;-27.18098;-48.40996;WGS84;Topo;17/03/2020;M;Rebio Arvoredo;Costão Rochoso;1;6;5;NA;4;5;Species;Vieira;Animal;Nodipecten nodosus;0;20m x 2m;40
B;TS;-27.18098;-48.40996;WGS84;Topo;17/03/2020;M;Rebio Arvoredo;Costão Rochoso;2;6;5;NA;4;5;Species;Vieira;Animal;Nodipecten nodosus;0;20m x 2m;40
B;TS;-27.18098;-48.40996;WGS84;Topo;17/03/2020;M;Rebio Arvoredo;Costão Rochoso;3;6;5;NA;4;5;Species;Vieira;Animal;Nodipecten nodosus;0;20m x 2m;40
B;TS;-27.18098;-48.40996;WGS84;Topo;17/03/2020;M;Rebio Arvoredo;Costão Rochoso;1;6;5;NA;4;5;Species;Species exótica;Animal;Ophiothela mirabilis;0;20m x 2m;40
B;TS;-27.18098;-48.40996;WGS84;Topo;17/03/2020;M;Rebio Arvoredo;Costão Rochoso;2;6;5;NA;4;5;Species;Species exótica;Animal;Ophiothela mirabilis;0;20m x 2m;40
B;TS;-27.18098;-48.40996;WGS84;Topo;17/03/2020;M;Rebio Arvoredo;Costão Rochoso;3;6;5;NA;4;5;Species;Species exótica;Animal;Ophiothela mirabilis;0;20m x 2m;40
B;TS;-27.18098;-48.40996;WGS84;Topo;17/03/2020;M;Rebio Arvoredo;Costão Rochoso;1;6;5;NA;4;5;Species;Species exótica;Animal;Tubastraea coccinea;0;20m x 2m;40
B;TS;-27.18098;-48.40996;WGS84;Topo;17/03/2020;M;Rebio Arvoredo;Costão Rochoso;2;6;5;NA;4;5;Species;Species exótica;Animal;Tubastraea coccinea;0;20m x 2m;40
B;TS;-27.18098;-48.40996;WGS84;Topo;17/03/2020;M;Rebio Arvoredo;Costão Rochoso;3;6;5;NA;4;5;Species;Species exótica;Animal;Tubastraea coccinea;0;20m x 2m;40
B;TS;-27.18098;-48.40996;WGS84;Topo;17/03/2020;M;Rebio Arvoredo;Costão Rochoso;1;6;5;NA;4;5;Species;Species exótica;Animal;Styela plicata;0;20m x 2m;40
B;TS;-27.18098;-48.40996;WGS84;Topo;17/03/2020;M;Rebio Arvoredo;Costão Rochoso;2;6;5;NA;4;5;Species;Species exótica;Animal;Styela plicata;0;20m x 2m;40
B;TS;-27.18098;-48.40996;WGS84;Topo;17/03/2020;M;Rebio Arvoredo;Costão Rochoso;3;6;5;NA;4;5;Species;Species exótica;Animal;Styela plicata;0;20m x 2m;40
B;TS;-27.18098;-48.40996;WGS84;Topo;17/03/2020;M;Rebio Arvoredo;Costão Rochoso;1;6;5;NA;4;5;Species;Lixo de pesca;NA;NA;0;20m x 2m;40
B;TS;-27.18098;-48.40996;WGS84;Topo;17/03/2020;M;Rebio Arvoredo;Costão Rochoso;2;6;5;NA;4;5;Species;Lixo de pesca;NA;NA;0;20m x 2m;40
B;TS;-27.18098;-48.40996;WGS84;Topo;17/03/2020;M;Rebio Arvoredo;Costão Rochoso;3;6;5;NA;4;5;Species;Lixo de pesca;NA;NA;4;20m x 2m;40
B;TS;-27.18098;-48.40996;WGS84;Topo;17/03/2020;M;Rebio Arvoredo;Costão Rochoso;1;6;5;NA;4;5;Species;Lixo comum;NA;NA;0;20m x 2m;40
B;TS;-27.18098;-48.40996;WGS84;Topo;17/03/2020;M;Rebio Arvoredo;Costão Rochoso;2;6;5;NA;4;5;Species;Lixo comum;NA;NA;0;20m x 2m;40
B;TS;-27.18098;-48.40996;WGS84;Topo;17/03/2020;M;Rebio Arvoredo;Costão Rochoso;3;6;5;NA;4;5;Species;Lixo comum;NA;NA;0;20m x 2m;40
B;TS;-27.18098;-48.40996;WGS84;Topo;17/03/2020;M;Rebio Arvoredo;Banco de Madracis decactis;1;12;10;NA;4;5;Species;Ouriço;Animal;Eucidaris tribuloides;0;20m x 2m;40
B;TS;-27.18098;-48.40996;WGS84;Topo;17/03/2020;M;Rebio Arvoredo;Banco de Madracis decactis;2;12;10;NA;4;5;Species;Ouriço;Animal;Eucidaris tribuloides;0;20m x 2m;40
B;TS;-27.18098;-48.40996;WGS84;Topo;17/03/2020;M;Rebio Arvoredo;Banco de Madracis decactis;3;12;10;NA;4;5;Species;Ouriço;Animal;Eucidaris tribuloides;0;20m x 2m;40
B;TS;-27.18098;-48.40996;WGS84;Topo;17/03/2020;M;Rebio Arvoredo;Banco de Madracis decactis;1;12;10;NA;4;5;Species;Ouriço;Animal;Lytechinus variegatus;0;20m x 2m;40
B;TS;-27.18098;-48.40996;WGS84;Topo;17/03/2020;M;Rebio Arvoredo;Banco de Madracis decactis;2;12;10;NA;4;5;Species;Ouriço;Animal;Lytechinus variegatus;0;20m x 2m;40
B;TS;-27.18098;-48.40996;WGS84;Topo;17/03/2020;M;Rebio Arvoredo;Banco de Madracis decactis;3;12;10;NA;4;5;Species;Ouriço;Animal;Lytechinus variegatus;0;20m x 2m;40
B;TS;-27.18098;-48.40996;WGS84;Topo;17/03/2020;M;Rebio Arvoredo;Banco de Madracis decactis;1;12;10;NA;4;5;Species;Ouriço;Animal;Arbacia lixula;0;20m x 2m;40
B;TS;-27.18098;-48.40996;WGS84;Topo;17/03/2020;M;Rebio Arvoredo;Banco de Madracis decactis;2;12;10;NA;4;5;Species;Ouriço;Animal;Arbacia lixula;0;20m x 2m;40
B;TS;-27.18098;-48.40996;WGS84;Topo;17/03/2020;M;Rebio Arvoredo;Banco de Madracis decactis;3;12;10;NA;4;5;Species;Ouriço;Animal;Arbacia lixula;0;20m x 2m;40
B;TS;-27.18098;-48.40996;WGS84;Topo;17/03/2020;M;Rebio Arvoredo;Banco de Madracis decactis;1;12;10;NA;4;5;Species;Ouriço;Animal;Paracentrotus gaimardi;0;20m x 2m;40
B;TS;-27.18098;-48.40996;WGS84;Topo;17/03/2020;M;Rebio Arvoredo;Banco de Madracis decactis;2;12;10;NA;4;5;Species;Ouriço;Animal;Paracentrotus gaimardi;0;20m x 2m;40
B;TS;-27.18098;-48.40996;WGS84;Topo;17/03/2020;M;Rebio Arvoredo;Banco de Madracis decactis;3;12;10;NA;4;5;Species;Ouriço;Animal;Paracentrotus gaimardi;0;20m x 2m;40
B;TS;-27.18098;-48.40996;WGS84;Topo;17/03/2020;M;Rebio Arvoredo;Banco de Madracis decactis;1;12;10;NA;4;5;Species;Ouriço;Animal;Echinometra luchunter;1;20m x 2m;40
B;TS;-27.18098;-48.40996;WGS84;Topo;17/03/2020;M;Rebio Arvoredo;Banco de Madracis decactis;2;12;10;NA;4;5;Species;Ouriço;Animal;Echinometra luchunter;0;20m x 2m;40
B;TS;-27.18098;-48.40996;WGS84;Topo;17/03/2020;M;Rebio Arvoredo;Banco de Madracis decactis;3;12;10;NA;4;5;Species;Ouriço;Animal;Echinometra luchunter;4;20m x 2m;40
B;TS;-27.18098;-48.40996;WGS84;Topo;17/03/2020;M;Rebio Arvoredo;Banco de Madracis decactis;1;12;10;NA;4;5;Species;Estrela;Animal;Echinaster brasiliensis;3;20m x 2m;40
B;TS;-27.18098;-48.40996;WGS84;Topo;17/03/2020;M;Rebio Arvoredo;Banco de Madracis decactis;2;12;10;NA;4;5;Species;Estrela;Animal;Echinaster brasiliensis;4;20m x 2m;40
B;TS;-27.18098;-48.40996;WGS84;Topo;17/03/2020;M;Rebio Arvoredo;Banco de Madracis decactis;3;12;10;NA;4;5;Species;Estrela;Animal;Echinaster brasiliensis;2;20m x 2m;40
B;TS;-27.18098;-48.40996;WGS84;Topo;17/03/2020;M;Rebio Arvoredo;Banco de Madracis decactis;1;12;10;NA;4;5;Species;Estrela;Animal;Coscinasterias tenuispina;0;20m x 2m;40
B;TS;-27.18098;-48.40996;WGS84;Topo;17/03/2020;M;Rebio Arvoredo;Banco de Madracis decactis;2;12;10;NA;4;5;Species;Estrela;Animal;Coscinasterias tenuispina;0;20m x 2m;40
B;TS;-27.18098;-48.40996;WGS84;Topo;17/03/2020;M;Rebio Arvoredo;Banco de Madracis decactis;3;12;10;NA;4;5;Species;Estrela;Animal;Coscinasterias tenuispina;0;20m x 2m;40
B;TS;-27.18098;-48.40996;WGS84;Topo;17/03/2020;M;Rebio Arvoredo;Banco de Madracis decactis;1;12;10;NA;4;5;Species;Estrela;Animal;Narcissia trigonaria;0;20m x 2m;40
B;TS;-27.18098;-48.40996;WGS84;Topo;17/03/2020;M;Rebio Arvoredo;Banco de Madracis decactis;2;12;10;NA;4;5;Species;Estrela;Animal;Narcissia trigonaria;0;20m x 2m;40
B;TS;-27.18098;-48.40996;WGS84;Topo;17/03/2020;M;Rebio Arvoredo;Banco de Madracis decactis;3;12;10;NA;4;5;Species;Estrela;Animal;Narcissia trigonaria;0;20m x 2m;40
B;TS;-27.18098;-48.40996;WGS84;Topo;17/03/2020;M;Rebio Arvoredo;Banco de Madracis decactis;1;12;10;NA;4;5;Species;Bolacha do mar;Animal;Clypeaster subdepressus;18;20m x 2m;40
B;TS;-27.18098;-48.40996;WGS84;Topo;17/03/2020;M;Rebio Arvoredo;Banco de Madracis decactis;2;12;10;NA;4;5;Species;Bolacha do mar;Animal;Clypeaster subdepressus;5;20m x 2m;40
B;TS;-27.18098;-48.40996;WGS84;Topo;17/03/2020;M;Rebio Arvoredo;Banco de Madracis decactis;3;12;10;NA;4;5;Species;Bolacha do mar;Animal;Clypeaster subdepressus;0;20m x 2m;40
B;TS;-27.18098;-48.40996;WGS84;Topo;17/03/2020;M;Rebio Arvoredo;Banco de Madracis decactis;1;12;10;NA;4;5;Species;Pepino do mar;Animal;Isostichopus badionotus;0;20m x 2m;40
B;TS;-27.18098;-48.40996;WGS84;Topo;17/03/2020;M;Rebio Arvoredo;Banco de Madracis decactis;2;12;10;NA;4;5;Species;Pepino do mar;Animal;Isostichopus badionotus;2;20m x 2m;40
B;TS;-27.18098;-48.40996;WGS84;Topo;17/03/2020;M;Rebio Arvoredo;Banco de Madracis decactis;3;12;10;NA;4;5;Species;Pepino do mar;Animal;Isostichopus badionotus;0;20m x 2m;40
B;TS;-27.18098;-48.40996;WGS84;Topo;17/03/2020;M;Rebio Arvoredo;Banco de Madracis decactis;1;12;10;NA;4;5;Species;Pepino do mar;Animal;Holothuria grisea;0;20m x 2m;40
B;TS;-27.18098;-48.40996;WGS84;Topo;17/03/2020;M;Rebio Arvoredo;Banco de Madracis decactis;2;12;10;NA;4;5;Species;Pepino do mar;Animal;Holothuria grisea;0;20m x 2m;40
B;TS;-27.18098;-48.40996;WGS84;Topo;17/03/2020;M;Rebio Arvoredo;Banco de Madracis decactis;3;12;10;NA;4;5;Species;Pepino do mar;Animal;Holothuria grisea;0;20m x 2m;40
B;TS;-27.18098;-48.40996;WGS84;Topo;17/03/2020;M;Rebio Arvoredo;Banco de Madracis decactis;1;12;10;NA;4;5;Species;Lírio do mar;Animal;Tropiometra carinata;0;20m x 2m;40
B;TS;-27.18098;-48.40996;WGS84;Topo;17/03/2020;M;Rebio Arvoredo;Banco de Madracis decactis;2;12;10;NA;4;5;Species;Lírio do mar;Animal;Tropiometra carinata;0;20m x 2m;40
B;TS;-27.18098;-48.40996;WGS84;Topo;17/03/2020;M;Rebio Arvoredo;Banco de Madracis decactis;3;12;10;NA;4;5;Species;Lírio do mar;Animal;Tropiometra carinata;0;20m x 2m;40
B;TS;-27.18098;-48.40996;WGS84;Topo;17/03/2020;M;Rebio Arvoredo;Banco de Madracis decactis;1;12;10;NA;4;5;Species;Anêmona;Animal;Anemonia sargassensis;0;20m x 2m;40
B;TS;-27.18098;-48.40996;WGS84;Topo;17/03/2020;M;Rebio Arvoredo;Banco de Madracis decactis;2;12;10;NA;4;5;Species;Anêmona;Animal;Anemonia sargassensis;0;20m x 2m;40
B;TS;-27.18098;-48.40996;WGS84;Topo;17/03/2020;M;Rebio Arvoredo;Banco de Madracis decactis;3;12;10;NA;4;5;Species;Anêmona;Animal;Anemonia sargassensis;0;20m x 2m;40
B;TS;-27.18098;-48.40996;WGS84;Topo;17/03/2020;M;Rebio Arvoredo;Banco de Madracis decactis;1;12;10;NA;4;5;Species;Anêmona;Animal;Bunodosoma caissarum;0;20m x 2m;40
B;TS;-27.18098;-48.40996;WGS84;Topo;17/03/2020;M;Rebio Arvoredo;Banco de Madracis decactis;2;12;10;NA;4;5;Species;Anêmona;Animal;Bunodosoma caissarum;0;20m x 2m;40
B;TS;-27.18098;-48.40996;WGS84;Topo;17/03/2020;M;Rebio Arvoredo;Banco de Madracis decactis;3;12;10;NA;4;5;Species;Anêmona;Animal;Bunodosoma caissarum;0;20m x 2m;40
B;TS;-27.18098;-48.40996;WGS84;Topo;17/03/2020;M;Rebio Arvoredo;Banco de Madracis decactis;1;12;10;NA;4;5;Species;Anêmona;Animal;Actinostella flosculifera;0;20m x 2m;40
B;TS;-27.18098;-48.40996;WGS84;Topo;17/03/2020;M;Rebio Arvoredo;Banco de Madracis decactis;2;12;10;NA;4;5;Species;Anêmona;Animal;Actinostella flosculifera;0;20m x 2m;40
B;TS;-27.18098;-48.40996;WGS84;Topo;17/03/2020;M;Rebio Arvoredo;Banco de Madracis decactis;3;12;10;NA;4;5;Species;Anêmona;Animal;Actinostella flosculifera;0;20m x 2m;40
B;TS;-27.18098;-48.40996;WGS84;Topo;17/03/2020;M;Rebio Arvoredo;Banco de Madracis decactis;1;12;10;NA;4;5;Species;Species exótica;Animal;Schizoporella errata;0;20m x 2m;40
B;TS;-27.18098;-48.40996;WGS84;Topo;17/03/2020;M;Rebio Arvoredo;Banco de Madracis decactis;2;12;10;NA;4;5;Species;Species exótica;Animal;Schizoporella errata;9;20m x 2m;40
B;TS;-27.18098;-48.40996;WGS84;Topo;17/03/2020;M;Rebio Arvoredo;Banco de Madracis decactis;3;12;10;NA;4;5;Species;Species exótica;Animal;Schizoporella errata;11;20m x 2m;40
B;TS;-27.18098;-48.40996;WGS84;Topo;17/03/2020;M;Rebio Arvoredo;Banco de Madracis decactis;1;12;10;NA;4;5;Species;Gorgônia;Animal;Leptogorgia punicea;1;20m x 2m;40
B;TS;-27.18098;-48.40996;WGS84;Topo;17/03/2020;M;Rebio Arvoredo;Banco de Madracis decactis;2;12;10;NA;4;5;Species;Gorgônia;Animal;Leptogorgia punicea;2;20m x 2m;40
B;TS;-27.18098;-48.40996;WGS84;Topo;17/03/2020;M;Rebio Arvoredo;Banco de Madracis decactis;3;12;10;NA;4;5;Species;Gorgônia;Animal;Leptogorgia punicea;5;20m x 2m;40
B;TS;-27.18098;-48.40996;WGS84;Topo;17/03/2020;M;Rebio Arvoredo;Banco de Madracis decactis;1;12;10;NA;4;5;Family;Poliqueta;Animal;Serpulidae;0;20m x 2m;40
B;TS;-27.18098;-48.40996;WGS84;Topo;17/03/2020;M;Rebio Arvoredo;Banco de Madracis decactis;2;12;10;NA;4;5;Family;Poliqueta;Animal;Serpulidae;0;20m x 2m;40
B;TS;-27.18098;-48.40996;WGS84;Topo;17/03/2020;M;Rebio Arvoredo;Banco de Madracis decactis;3;12;10;NA;4;5;Family;Poliqueta;Animal;Serpulidae;0;20m x 2m;40
B;TS;-27.18098;-48.40996;WGS84;Topo;17/03/2020;M;Rebio Arvoredo;Banco de Madracis decactis;1;12;10;NA;4;5;Family;Poliqueta;Animal;Sabellidae;0;20m x 2m;40
B;TS;-27.18098;-48.40996;WGS84;Topo;17/03/2020;M;Rebio Arvoredo;Banco de Madracis decactis;2;12;10;NA;4;5;Family;Poliqueta;Animal;Sabellidae;0;20m x 2m;40
B;TS;-27.18098;-48.40996;WGS84;Topo;17/03/2020;M;Rebio Arvoredo;Banco de Madracis decactis;3;12;10;NA;4;5;Family;Poliqueta;Animal;Sabellidae;0;20m x 2m;40
B;TS;-27.18098;-48.40996;WGS84;Topo;17/03/2020;M;Rebio Arvoredo;Banco de Madracis decactis;1;12;10;NA;4;5;Species;Gastrópoda;Animal;Aplysia brasiliana;0;20m x 2m;40
B;TS;-27.18098;-48.40996;WGS84;Topo;17/03/2020;M;Rebio Arvoredo;Banco de Madracis decactis;2;12;10;NA;4;5;Species;Gastrópoda;Animal;Aplysia brasiliana;0;20m x 2m;40
B;TS;-27.18098;-48.40996;WGS84;Topo;17/03/2020;M;Rebio Arvoredo;Banco de Madracis decactis;3;12;10;NA;4;5;Species;Gastrópoda;Animal;Aplysia brasiliana;0;20m x 2m;40
B;TS;-27.18098;-48.40996;WGS84;Topo;17/03/2020;M;Rebio Arvoredo;Banco de Madracis decactis;1;12;10;NA;4;5;Genus;Gastrópoda;Animal;Cypraea;0;20m x 2m;40
B;TS;-27.18098;-48.40996;WGS84;Topo;17/03/2020;M;Rebio Arvoredo;Banco de Madracis decactis;2;12;10;NA;4;5;Genus;Gastrópoda;Animal;Cypraea;0;20m x 2m;40
B;TS;-27.18098;-48.40996;WGS84;Topo;17/03/2020;M;Rebio Arvoredo;Banco de Madracis decactis;3;12;10;NA;4;5;Genus;Gastrópoda;Animal;Cypraea;0;20m x 2m;40
B;TS;-27.18098;-48.40996;WGS84;Topo;17/03/2020;M;Rebio Arvoredo;Banco de Madracis decactis;1;12;10;NA;4;5;Species;Vieira;Animal;Nodipecten nodosus;0;20m x 2m;40
B;TS;-27.18098;-48.40996;WGS84;Topo;17/03/2020;M;Rebio Arvoredo;Banco de Madracis decactis;2;12;10;NA;4;5;Species;Vieira;Animal;Nodipecten nodosus;1;20m x 2m;40
B;TS;-27.18098;-48.40996;WGS84;Topo;17/03/2020;M;Rebio Arvoredo;Banco de Madracis decactis;3;12;10;NA;4;5;Species;Vieira;Animal;Nodipecten nodosus;0;20m x 2m;40
B;TS;-27.18098;-48.40996;WGS84;Topo;17/03/2020;M;Rebio Arvoredo;Banco de Madracis decactis;1;12;10;NA;4;5;Species;Species exótica;Animal;Ophiothela mirabilis;0;20m x 2m;40
B;TS;-27.18098;-48.40996;WGS84;Topo;17/03/2020;M;Rebio Arvoredo;Banco de Madracis decactis;2;12;10;NA;4;5;Species;Species exótica;Animal;Ophiothela mirabilis;0;20m x 2m;40
B;TS;-27.18098;-48.40996;WGS84;Topo;17/03/2020;M;Rebio Arvoredo;Banco de Madracis decactis;3;12;10;NA;4;5;Species;Species exótica;Animal;Ophiothela mirabilis;0;20m x 2m;40
B;TS;-27.18098;-48.40996;WGS84;Topo;17/03/2020;M;Rebio Arvoredo;Banco de Madracis decactis;1;12;10;NA;4;5;Species;Species exótica;Animal;Tubastraea coccinea;0;20m x 2m;40
B;TS;-27.18098;-48.40996;WGS84;Topo;17/03/2020;M;Rebio Arvoredo;Banco de Madracis decactis;2;12;10;NA;4;5;Species;Species exótica;Animal;Tubastraea coccinea;0;20m x 2m;40
B;TS;-27.18098;-48.40996;WGS84;Topo;17/03/2020;M;Rebio Arvoredo;Banco de Madracis decactis;3;12;10;NA;4;5;Species;Species exótica;Animal;Tubastraea coccinea;0;20m x 2m;40
B;TS;-27.18098;-48.40996;WGS84;Topo;17/03/2020;M;Rebio Arvoredo;Banco de Madracis decactis;1;12;10;NA;4;5;Species;Species exótica;Animal;Styela plicata;0;20m x 2m;40
B;TS;-27.18098;-48.40996;WGS84;Topo;17/03/2020;M;Rebio Arvoredo;Banco de Madracis decactis;2;12;10;NA;4;5;Species;Species exótica;Animal;Styela plicata;0;20m x 2m;40
B;TS;-27.18098;-48.40996;WGS84;Topo;17/03/2020;M;Rebio Arvoredo;Banco de Madracis decactis;3;12;10;NA;4;5;Species;Species exótica;Animal;Styela plicata;0;20m x 2m;40
B;TS;-27.18098;-48.40996;WGS84;Topo;17/03/2020;M;Rebio Arvoredo;Banco de Madracis decactis;1;12;10;NA;4;5;Species;Lixo de pesca;NA;NA;1;20m x 2m;40
B;TS;-27.18098;-48.40996;WGS84;Topo;17/03/2020;M;Rebio Arvoredo;Banco de Madracis decactis;2;12;10;NA;4;5;Species;Lixo de pesca;NA;NA;5;20m x 2m;40
B;TS;-27.18098;-48.40996;WGS84;Topo;17/03/2020;M;Rebio Arvoredo;Banco de Madracis decactis;3;12;10;NA;4;5;Species;Lixo de pesca;NA;NA;11;20m x 2m;40
B;TS;-27.18098;-48.40996;WGS84;Topo;17/03/2020;M;Rebio Arvoredo;Banco de Madracis decactis;1;12;10;NA;4;5;Species;Lixo comum;NA;NA;0;20m x 2m;40
B;TS;-27.18098;-48.40996;WGS84;Topo;17/03/2020;M;Rebio Arvoredo;Banco de Madracis decactis;2;12;10;NA;4;5;Species;Lixo comum;NA;NA;0;20m x 2m;40
B;TS;-27.18098;-48.40996;WGS84;Topo;17/03/2020;M;Rebio Arvoredo;Banco de Madracis decactis;3;12;10;NA;4;5;Species;Lixo comum;NA;NA;0;20m x 2m;40
